url,status,action,priority,page_type,primary_keyword,secondary_keywords,keyword_source,cluster,pillar,search_intent,buyer_stage,h1,h2s,faq_questions,schema,internal_links_out,related_services,related_industries,case_study_links,evidence_ids,cta,conversion_event,refresh_interval,gsc_position_sep2026,notes
/,"live, rebuilt on staging",REWRITE,P0,home,product design agency india,ui ux design agency india; saas product design; ux design studio india,page spec (content/pages),Home,,navigational / commercial,all,Product design for complex digital products,What we help teams solve | How we work | Services | Industries | Selected work | Why Designit | What product leaders say | Experience behind the studio | Insights | FAQ,What types of companies do you work with? | How long does a typical project take? | What's your design process like? | What tools do you use? | What are your pricing models?,WebPage,45,,,/projects/adda247/; /projects/kelp-global/; /projects/tata-elxsi/; /projects/rcentric/,EV-CLIENT-LOGOS; EV-TESTIMONIALS; EV-FOUNDER; EV-SITE-CASE-COUNT; EV-MARKETS,Start with the problem,start_project,quarterly,,"Make entity, positioning and commercial architecture clear"
/404/,live,KEEP (not indexable)*,P2,utility,,,navigational / brand,,,navigational,,Page Not Found,Try one of these popular pages,,BreadcrumbList ListItem Organization WebPage WebSite,6,,,,,,,6 months,,Error page
/about/,live,KEEP for now,P1,company,,,navigational / brand,,,navigational,,Research First. Design That Drives Growth.,"A New Studio, A Decade of Craft | The Beliefs Behind Every Build | Research First. Design Second. | Recommended by Senior Product & Design Leaders | Have a Project? Let's Talk! | Common questions",What is Research First. Design That Drives Growth. about? | What does that mean in practice? | What does that mean in practice? | How long does a Designit engagement take? | How do I start a project with Designit?,Answer Article BreadcrumbList ContactPoint Country FAQPage GeoCoordinates ImageObject ListItem Person PostalAddress Question WebPage WebSite,3,,,,,,,6 months,,Existing impressions (/about.html already 308s here)
/blog/,live,KEEP,P2,hub,,,navigational / brand,,,navigational,,Insights for Founders Who Ship.,"Explore by topic | SaaS Dashboard Design: 7 Best Practices That Reduce Churn | Need Design Help, Not Just Advice? | Common questions",What is Insights for Founders Who Ship. about? | What does that mean in practice? | What does that mean in practice? | How long does a Designit engagement take? | How do I start a project with Designit?,Answer Article Blog BlogPosting BreadcrumbList ContactPoint Country FAQPage GeoCoordinates ImageObject ListItem Organization Person PostalAddress Question WebPage WebSite,46,,,,,,,6 months,,Preserve existing content ecosystem; becomes the Insights hub with clusters
/blog/ai-driven-website-design-services-india/,"live (byline, reviewer, next-steps added on staging)",KEEP*,P2,article,ai driven website design services india,,primary derived from slug (confirm in the section 65 brief at next refresh),AI Product Design,/services/ai-product-design/,informational,solution-aware,AI-Driven Website Design Services: The Next Frontier for Indian Businesses,AI-Driven Website Design Services: The Next Frontier for Indian Businesses | What is AI-Driven Website Design? | 1. Dynamic Content Personalization | 2. Automated Conversion Rate Optimization (CRO) | 3. Intelligent Search and Navigation | Where to go next | Frequently Asked Questions | Ready to transform your product? | Common questions,What does this guide cover? | What should a team do first? | How long does a Designit engagement take? | How do I start a project with Designit? | Who actually works on the engagement? | What tools does the studio work in? | What are the engagement models and what do they cost? | What is included when the work is handed over? | Which sectors has the studio shipped work in?,Answer BlogPosting BreadcrumbList ContactPoint Country FAQPage GeoCoordinates ImageObject ListItem Person PostalAddress Question WebPage WebSite,10,/services/ai-product-design/,,,,Discuss your AI product,cta_click (post_cta),6-12 months (AI topics: quarterly),,"Not in the blueprint table; kept as-is, joins the internal-link graph"
/blog/arabic-rtl-ux-design-proptech-uae/,"live (byline, reviewer, next-steps added on staging)",KEEP*,P2,article,arabic rtl ux design proptech uae,,primary derived from slug (confirm in the section 65 brief at next refresh),PropTech,/industries/real-estate/,informational,solution-aware,Arabic RTL UX Design for PropTech Apps: A Dubai Founder's Guide (2026),What Is Arabic RTL UX Design? | The Legal Reality: Arabic Support Is Not Optional in UAE | The 6 Layout Elements That Flip in RTL Design | Building a Bilingual PropTech Design System | Typography: Why Arabic Text Breaks Most English Design Systems | How We Apply This to a Bilingual Buyer Portal | What Does Bilingual PropTech UX Design Cost in UAE? | 5 Arabic UX Mistakes UAE PropTech Teams Make | Where to go next | Frequently Asked Questions | Ready to ship a bilingual PropTech experience? | Common questions,What does this guide cover? | What is the short answer? | What should a team do first? | How long does a Designit engagement take? | How do I start a project with Designit?,Answer BlogPosting BreadcrumbList ContactPoint Country FAQPage GeoCoordinates ImageObject ListItem Person PostalAddress Question SpeakableSpecification WebPage WebSite,11,,/industries/real-estate/,/projects/rcentric/,,Discuss your property platform,cta_click (post_cta),6-12 months (AI topics: quarterly),,"Not in the blueprint table; kept as-is, joins the internal-link graph"
/blog/b2b-saas-ui-ux-design-services-india/,"live (byline, reviewer, next-steps added on staging)",UPDATE + EXPAND,P1,article,b2b saas ui ux design services india,b2b ui/ux design services (supporting; commercial owner /industries/b2b-saas/),primary derived from slug (confirm in the section 65 brief at next refresh); secondary = GSC Sep 2026 queries,B2B SaaS Product Design,/services/saas-product-design/,informational,solution-aware,The Ultimate Guide to B2B SaaS UI/UX Design Services in India,The Ultimate Guide to B2B SaaS UI/UX Design Services in India | What Makes B2B SaaS UI/UX Design Different? | Why Hire a Specialized Agency in India for SaaS? | Frequently Asked Questions (FAQs) | Conclusion | Where to go next | Frequently Asked Questions | Ready to transform your product? | Common questions,What does this guide cover? | What should a team do first? | How long does a Designit engagement take? | How do I start a project with Designit?,Answer BlogPosting BreadcrumbList ContactPoint Country FAQPage GeoCoordinates ImageObject ListItem Person PostalAddress Question WebPage WebSite,13,/services/saas-product-design/,,/projects/kelp-global/,,Review your product with our UX audit,cta_click (post_cta),6-12 months (AI topics: quarterly),20.47,Position 20.47
/blog/b2b-website-redesign-services-india/,"live (byline, reviewer, next-steps added on staging)",KEEP*,P2,article,b2b website redesign services india,,primary derived from slug (confirm in the section 65 brief at next refresh),Website Redesign,/services/website-design/,informational,solution-aware,B2B Website Redesign: When and Why Indian Startups Need It,B2B Website Redesign: When and Why Indian Startups Need It | The 4 Warning Signs You Need a B2B Website Redesign | What a Strategic B2B Redesign Entails | Where to go next | Frequently Asked Questions | Ready to transform your product? | Common questions,What does this guide cover? | What should a team do first? | How long does a Designit engagement take? | How do I start a project with Designit?,Answer BlogPosting BreadcrumbList ContactPoint Country FAQPage GeoCoordinates ImageObject ListItem Person PostalAddress Question WebPage WebSite,10,/services/website-design/,,/projects/rcentric/,,Discuss your website,cta_click (post_cta),6-12 months (AI topics: quarterly),,"Not in the blueprint table; kept as-is, joins the internal-link graph"
/blog/best-ai-tools-ui-ux-designers-2026/,"live (byline, reviewer, next-steps added on staging)",KEEP*,P2,article,best ai tools ui ux designers 2026,,primary derived from slug (confirm in the section 65 brief at next refresh),AI Product Design,/services/ai-product-design/,commercial investigation,evaluation / vendor,Best AI Tools for UI/UX Designers in 2026,Best AI Tools for UI/UX Designers in 2026 | 1. AI Tools for Wireframing and Prototyping | 2. AI Tools for User Research and Copywriting | 3. AI Tools for Usability and Heatmap Prediction | Where to go next | Frequently Asked Questions | Ready to transform your product? | Common questions,What does this guide cover? | What should a team do first? | How long does a Designit engagement take? | How do I start a project with Designit? | Who actually works on the engagement? | What tools does the studio work in? | What are the engagement models and what do they cost?,Answer BlogPosting BreadcrumbList ContactPoint Country FAQPage GeoCoordinates ImageObject ListItem Person PostalAddress Question WebPage WebSite,10,/services/ai-product-design/,,,,Discuss your AI product,cta_click (post_cta),6-12 months (AI topics: quarterly),,"Not in the blueprint table; kept as-is, joins the internal-link graph"
/blog/best-branding-agency-tech-startups-india/,"live (byline, reviewer, next-steps added on staging)",KEEP + EXPAND,P1,article,best branding agency tech startups india,branding company for startups (supporting; commercial owner /services/branding/),primary derived from slug (confirm in the section 65 brief at next refresh); secondary = GSC Sep 2026 queries,Branding,/services/branding/,commercial investigation,evaluation / vendor,How to Choose the Best Branding Agency for Tech Startups in India,"How to Choose the Best Branding Agency for Tech Startups in India | 1. Look for Tech & SaaS Specific Experience | 2. They Must Offer Brand Strategy, Not Just ""Art"" | 3. Review the ""Brand Guidelines"" They Deliver | Where to go next | Frequently Asked Questions | Ready to transform your product? | Common questions",What does this guide cover? | What should a team do first? | How long does a Designit engagement take? | How do I start a project with Designit? | Which regions does Designit work with? | Who actually works on the engagement? | What tools does the studio work in? | What are the engagement models and what do they cost? | What is included when the work is handed over? | Which sectors has the studio shipped work in?,Answer BlogPosting BreadcrumbList ContactPoint Country FAQPage GeoCoordinates ImageObject ListItem Person PostalAddress Question WebPage WebSite,10,/services/branding/,,,,Discuss your brand,cta_click (post_cta),6-12 months (AI topics: quarterly),21.36,Position 21.36
/blog/branding-services-for-startups-india-cost/,"live (byline, reviewer, next-steps added on staging)",KEEP + EXPAND,P1,article,branding services for startups india cost,startup branding packages india (supporting; commercial owner /services/branding/),primary derived from slug (confirm in the section 65 brief at next refresh); secondary = GSC Sep 2026 queries,Branding,/services/branding/,commercial investigation,buying,A Breakdown of Branding Services for Startups in India & Their Costs,A Breakdown of Branding Services for Startups in India & Their Costs | What is Included in a Startup Branding Package? | How Much Do Branding Services Cost in India? | Where to go next | Frequently Asked Questions | Ready to transform your product? | Common questions,What does this guide cover? | What should a team do first? | How long does a Designit engagement take? | How do I start a project with Designit? | Which regions does Designit work with? | Who actually works on the engagement? | What tools does the studio work in? | What are the engagement models and what do they cost? | What is included when the work is handed over? | Which sectors has the studio shipped work in?,Answer BlogPosting BreadcrumbList ContactPoint Country FAQPage GeoCoordinates ImageObject ListItem Person PostalAddress Question WebPage WebSite,10,/services/branding/,,,,Discuss your brand,cta_click (post_cta),6-12 months (AI topics: quarterly),14.17,Position 14.17
/blog/cost-ui-ux-design-mobile-app-india/,"live (byline, reviewer, next-steps added on staging)",KEEP + EXPAND,P1,article,cost ui ux design mobile app india,,primary derived from slug (confirm in the section 65 brief at next refresh),Mobile App Design,/services/mobile-app-design/,commercial investigation,buying,How Much Does UI/UX Design Cost for a Mobile App in India (2026)?,"How Much Does UI/UX Design Cost for a Mobile App in India (2026)? | What Determines the Cost of App Design? | Pricing Tiers: Freelancers vs. Agencies | The Hidden Cost of ""Cheap"" Design | Where to go next | Frequently Asked Questions | Ready to transform your product? | Common questions",What does this guide cover? | What should a team do first? | How long does a Designit engagement take? | How do I start a project with Designit?,Answer BlogPosting BreadcrumbList ContactPoint Country FAQPage GeoCoordinates ImageObject ListItem Person PostalAddress Question WebPage WebSite,10,/services/mobile-app-design/,,/projects/adda247/ios-app/,,Discuss your app,cta_click (post_cta),6-12 months (AI topics: quarterly),10.06,Position 10.06
/blog/cro-strategies-for-b2b-saas-india/,"live (byline, reviewer, next-steps added on staging)",UPDATE + EXPAND,P1,article,cro strategies for b2b saas india,cro tactics for b2b saas enterprise,primary derived from slug (confirm in the section 65 brief at next refresh); secondary = GSC Sep 2026 queries,B2B SaaS Product Design,/services/saas-product-design/,informational,solution-aware,Top CRO Strategies for B2B SaaS Companies in India,"Top CRO Strategies for B2B SaaS Companies in India | 1. Optimize the ""Aha!"" Moment in the Free Trial | 2. Ungate Your Pricing | 3. Replace Generic Forms with Interactive Demos | 4. Leverage Hyper-Specific Case Studies | Where to go next | Frequently Asked Questions | Ready to transform your product? | Common questions",What does this guide cover? | What should a team do first? | How long does a Designit engagement take? | How do I start a project with Designit? | Which regions does Designit work with? | Who actually works on the engagement? | What tools does the studio work in? | What are the engagement models and what do they cost?,Answer BlogPosting BreadcrumbList ContactPoint Country FAQPage GeoCoordinates ImageObject ListItem Person PostalAddress Question WebPage WebSite,10,/services/saas-product-design/,,/projects/kelp-global/,,Review your product with our UX audit,cta_click (post_cta),6-12 months (AI topics: quarterly),17.67,Position 17.67
/blog/custom-website-vs-template-roi-india/,"live (byline, reviewer, next-steps added on staging)",KEEP*,P2,article,custom website vs template roi india,,primary derived from slug (confirm in the section 65 brief at next refresh),Website Redesign,/services/website-design/,commercial investigation,evaluation / vendor,Custom Website vs. Template: What’s the ROI for Indian Small Businesses?,Custom Website vs. Template: What’s the ROI for Indian Small Businesses? | The Hidden Costs of a Website Template | The True ROI of a Custom Website Design | Where to go next | Frequently Asked Questions | Ready to transform your product? | Common questions,What does this guide cover? | What should a team do first? | How long does a Designit engagement take? | How do I start a project with Designit? | Which regions does Designit work with? | Who actually works on the engagement? | What tools does the studio work in? | What are the engagement models and what do they cost? | What is included when the work is handed over? | Which sectors has the studio shipped work in?,Answer BlogPosting BreadcrumbList ContactPoint Country FAQPage GeoCoordinates ImageObject ListItem Person PostalAddress Question WebPage WebSite,10,/services/website-design/,,/projects/rcentric/,,Discuss your website,cta_click (post_cta),6-12 months (AI topics: quarterly),,"Not in the blueprint table; kept as-is, joins the internal-link graph"
/blog/design-system-cost-india-2026/,"live (byline, reviewer, next-steps added on staging)",KEEP*,P2,article,design system cost india 2026,,primary derived from slug (confirm in the section 65 brief at next refresh),Design Systems,/services/design-systems/,commercial investigation,buying,How Much Does a Design System Cost in India? (2026 Guide),What a Design System Actually Includes (and What It Doesn't) | Design System Cost in India: Real Pricing Ranges for 2026 | What Drives Price Up (or Down) | When a Design System Pays Off | How Long Does It Take to Build? | Where to go next | Frequently Asked Questions | Ready to transform your product? | Common questions,What does this guide cover? | What should a team do first? | How long does a Designit engagement take? | How do I start a project with Designit?,Answer BlogPosting BreadcrumbList ContactPoint Country FAQPage GeoCoordinates ImageObject ListItem Person PostalAddress Question WebPage WebSite,10,/services/design-systems/,,/projects/kelp-global/,,Discuss your design system,cta_click (post_cta),6-12 months (AI topics: quarterly),,"Not in the blueprint table; kept as-is, joins the internal-link graph"
/blog/edtech-onboarding-ux-india/,"live (byline, reviewer, next-steps added on staging)",KEEP*,P2,article,edtech onboarding ux india,,primary derived from slug (confirm in the section 65 brief at next refresh),EdTech,/industries/edtech/,informational,solution-aware,EdTech Onboarding UX in India: Fixing the Day-7 Drop-Off,What Is EdTech Onboarding UX? | Why Do Indian EdTech Learners Drop Off Before Day 7? | How Do You Design EdTech Onboarding That Retains Learners? | EdTech Onboarding Patterns Compared | The Parent-and-Learner Problem Nobody Designs For | Case Study: Onboarding and Progress at Adda247 | How Do You Measure EdTech Onboarding Success? | What Does EdTech Onboarding Redesign Cost in India? | Where to go next | Frequently Asked Questions | Losing learners in the first session?,How much does EdTech onboarding UX design cost in India in 2026? | What is a good Day-7 retention rate for an EdTech app in India? | How long should EdTech onboarding take? | Do EdTech apps need parental consent flows under the DPDP Act? | Should EdTech onboarding be in English or the learner's regional language?,Answer BlogPosting BreadcrumbList ContactPoint Country FAQPage GeoCoordinates ImageObject ListItem Person PostalAddress Question SpeakableSpecification WebPage WebSite,11,,/industries/edtech/,/projects/adda247/,,Discuss your learning product,cta_click (post_cta),6-12 months (AI topics: quarterly),,"Not in the blueprint table; kept as-is, joins the internal-link graph"
/blog/edtech-ux-design-agency-india/,"live (byline, reviewer, next-steps added on staging)",KEEP*,P2,article,edtech ux design agency india,,primary derived from slug (confirm in the section 65 brief at next refresh),EdTech,/industries/edtech/,commercial investigation,evaluation / vendor,How to Choose an EdTech UX Design Agency in India,EdTech UX Design in India: The 2026 Retention-First Playbook | Why Retention Is the Real EdTech Metric — and Why UX Owns It | The 4 UX Pillars of a High-Retention EdTech Platform | Why Generic Agencies Get EdTech UX Wrong | How Designit Approaches EdTech UX — The Adda247 Example | What Strong EdTech UX Actually Moves | Frequently Asked Questions (FAQs) | Conclusion | Where to go next | Frequently Asked Questions | Ready to transform your product? | Common questions,What does this guide cover? | What is the short answer? | What should a team do first? | How long does a Designit engagement take? | How do I start a project with Designit? | Who actually works on the engagement? | What tools does the studio work in? | What are the engagement models and what do they cost? | What is included when the work is handed over?,Answer BlogPosting BreadcrumbList ContactPoint Country FAQPage GeoCoordinates ImageObject ListItem Person PostalAddress Question WebPage WebSite,16,,/industries/edtech/,/projects/adda247/,,Discuss your learning product,cta_click (post_cta),6-12 months (AI topics: quarterly),,"Not in the blueprint table; kept as-is, joins the internal-link graph"
/blog/edtech-ux-design-india/,"live (byline, reviewer, next-steps added on staging)",KEEP + REFRESH,P1,article,edtech ux design india,,primary derived from slug (confirm in the section 65 brief at next refresh),EdTech,/industries/edtech/,informational,solution-aware,"UX Design for EdTech Startups in India: What Drives Enrolment, Retention, and Revenue",Why EdTech UX Is Different From SaaS UX | The 5 EdTech UX Patterns That Drive Completion and Conversion | India-Specific UX Challenges Global Guides Miss | What EdTech UX Costs in India — and When to Invest | A Real EdTech Redesign: What Changed and What Moved | How to Choose the Right Design Partner for Your EdTech Platform | Where to go next | Frequently Asked Questions | Build an EdTech product users actually complete | Common questions,What does this guide cover? | What is the short answer? | What should a team do first? | How long does a Designit engagement take? | How do I start a project with Designit? | Which regions does Designit work with? | Who actually works on the engagement? | What tools does the studio work in? | What are the engagement models and what do they cost? | What is included when the work is handed over? | How quickly does a project get started? | How do I get in touch? | Which sectors has the studio shipped work in?,Answer BlogPosting BreadcrumbList ContactPoint Country FAQPage GeoCoordinates ImageObject ListItem Person PostalAddress Question SpeakableSpecification WebPage WebSite,12,,/industries/edtech/,/projects/adda247/,,Discuss your learning product,cta_click (post_cta),6-12 months (AI topics: quarterly),5.62,Position 5.62
/blog/fintech-onboarding-kyc-ux-india/,"live (byline, reviewer, next-steps added on staging)",KEEP + REFRESH,P1,article,fintech onboarding kyc ux india,,primary derived from slug (confirm in the section 65 brief at next refresh),Fintech,/industries/fintech/,informational,solution-aware,Fintech KYC Onboarding UX in India: Why Users Drop Off (And How to Fix It),Why Fintech KYC Onboarding Is Your #1 Revenue Leak | The 5 KYC UX Mistakes That Kill Indian Fintech Conversions | The RBI Compliance Design Trap — And How to Escape It | How to Audit Your KYC Onboarding UX: A 5-Step Framework | What a KYC Onboarding Redesign Looks Like in Practice | The Single Most Impactful Change You Can Make Today | Where to go next | Frequently Asked Questions | Is Your KYC Flow Costing You ₹Crores Every Month? | Common questions,What does this guide cover? | What is the short answer? | What should a team do first? | How long does a Designit engagement take? | How do I start a project with Designit? | Which regions does Designit work with? | Who actually works on the engagement? | What tools does the studio work in?,Answer BlogPosting BreadcrumbList ContactPoint Country FAQPage GeoCoordinates ImageObject ListItem Person PostalAddress Question SpeakableSpecification WebPage WebSite,11,,/industries/fintech/,/projects/betacrew/,,Discuss your fintech product,cta_click (post_cta),6-12 months (AI topics: quarterly),5.93,Position 5.93
/blog/fintech-ux-design-agency-india/,"live (byline, reviewer, next-steps added on staging)",KEEP + EXPAND,P1,article,fintech ux design agency india,,primary derived from slug (confirm in the section 65 brief at next refresh),Fintech,/industries/fintech/,commercial investigation,evaluation / vendor,Fintech UX Design in India: The 2026 Trust-First Playbook,Fintech UX Design in India: The 2026 Trust-First Playbook | Why UX Is Now a Commercial Metric in Indian Fintech | The 4 UX Pillars of a High-Converting Fintech Platform | Why Generic Agencies Get Fintech UX Wrong | How Designit Approaches Fintech UX | What Strong Fintech UX Actually Moves | Frequently Asked Questions (FAQs) | Conclusion | Where to go next | Frequently Asked Questions | Ready to transform your product? | Common questions,What does this guide cover? | What should a team do first? | How long does a Designit engagement take? | How do I start a project with Designit? | Who actually works on the engagement? | What tools does the studio work in? | What are the engagement models and what do they cost? | What is included when the work is handed over? | Which sectors has the studio shipped work in? | How quickly does a project get started? | Which regions does Designit work with? | How do I get in touch?,Answer BlogPosting BreadcrumbList ContactPoint Country FAQPage GeoCoordinates ImageObject ListItem Person PostalAddress Question WebPage WebSite,17,,/industries/fintech/,/projects/betacrew/,,Discuss your fintech product,cta_click (post_cta),6-12 months (AI topics: quarterly),6.75,Position 6.75
/blog/freelancer-vs-design-agency-startups/,"live (byline, reviewer, next-steps added on staging)",KEEP*,P2,article,freelancer vs design agency startups,,primary derived from slug (confirm in the section 65 brief at next refresh),Startup Product Design,/services/product-design/,commercial investigation,evaluation / vendor,Freelancer vs Design Agency: Which Is Right for Your Startup?,The Real Differences (Not the Marketing Differences) | The Decision Framework | The Questions to Ask Before Hiring Anyone | The Hidden Third Option Most Founders Miss | The 4th Model: Sprint Studios — Why India & UAE Series A Founders Are Switching in 2026 | The Bottom Line | Where to go next | Frequently Asked Questions | Not sure which option is right for you? | Common questions,What does this guide cover? | What is the short answer? | What should a team do first? | How long does a Designit engagement take? | How do I start a project with Designit? | Who actually works on the engagement? | What tools does the studio work in? | What are the engagement models and what do they cost? | What is included when the work is handed over?,Answer BlogPosting BreadcrumbList ContactPoint Country FAQPage GeoCoordinates ImageObject ListItem Person PostalAddress Question WebPage WebSite,11,/services/product-design/,,,,Start a project,cta_click (post_cta),6-12 months (AI topics: quarterly),,"Not in the blueprint table; kept as-is, joins the internal-link graph"
/blog/generative-ai-website-personalization/,"live (byline, reviewer, next-steps added on staging)",KEEP*,P2,article,generative ai website personalization,,primary derived from slug (confirm in the section 65 brief at next refresh),AI Product Design,/services/ai-product-design/,informational,solution-aware,Using Generative AI to Improve Website Personalization and Conversion Rates,Using Generative AI to Improve Website Personalization and Conversion Rates | 1. Dynamic Copy Generation | 2. AI Personalization in Ecommerce UX | 3. Automated A/B Testing at Scale | Where to go next | Frequently Asked Questions | Ready to transform your product? | Common questions,What does this guide cover? | What should a team do first? | How long does a Designit engagement take? | How do I start a project with Designit? | Which regions does Designit work with?,Answer BlogPosting BreadcrumbList ContactPoint Country FAQPage GeoCoordinates ImageObject ListItem Person PostalAddress Question WebPage WebSite,10,/services/ai-product-design/,,,,Discuss your AI product,cta_click (post_cta),6-12 months (AI topics: quarterly),,"Not in the blueprint table; kept as-is, joins the internal-link graph"
/blog/hire-ui-ux-designer-vs-agency-india/,"live (byline, reviewer, next-steps added on staging)",KEEP + EXPAND,P1,article,hire ui ux designer vs agency india,hire ux designers for startups,primary derived from slug (confirm in the section 65 brief at next refresh); secondary = GSC Sep 2026 queries,Startup Product Design,/services/product-design/,commercial investigation,evaluation / vendor,Hire UI/UX Designer vs. Agency for Startups in India: Which is Better?,Hire UI/UX Designer vs. Agency for Startups in India: Which is Better? | The Short Answer (TL;DR) | 1. Cost Comparison: Freelancer vs. Agency in India | 2. Quality and Scalability | 3. Reliability and Risk Management | Where to go next | Frequently Asked Questions | Ready to transform your product? | Common questions,What does this guide cover? | What should a team do first? | How long does a Designit engagement take? | How do I start a project with Designit? | Which regions does Designit work with? | Who actually works on the engagement? | What tools does the studio work in? | What are the engagement models and what do they cost?,Answer BlogPosting BreadcrumbList ContactPoint Country FAQPage GeoCoordinates ImageObject ListItem Person PostalAddress Question WebPage WebSite,10,/services/product-design/,,,,Start a project,cta_click (post_cta),6-12 months (AI topics: quarterly),9.7,Position 9.7
/blog/how-ai-is-changing-ux-design-india/,"live (byline, reviewer, next-steps added on staging)",KEEP + REFRESH,P1,article,how ai is changing ux design india,,primary derived from slug (confirm in the section 65 brief at next refresh),AI Product Design,/services/ai-product-design/,informational,solution-aware,How AI is Changing UX Design for Startups in India,How AI is Changing UX Design for Startups in India | 1. From Static to Predictive UI | 2. Conversational Interfaces (The End of the Hamburger Menu?) | 3. Hyper-Personalized Onboarding | 4. Rapid Wireframing and AI Co-Pilots | Where to go next | Frequently Asked Questions | Ready to transform your product? | Common questions,What does this guide cover? | What should a team do first? | How long does a Designit engagement take? | How do I start a project with Designit? | Who actually works on the engagement? | What tools does the studio work in? | What are the engagement models and what do they cost?,Answer BlogPosting BreadcrumbList ContactPoint Country FAQPage GeoCoordinates ImageObject ListItem Person PostalAddress Question WebPage WebSite,10,/services/ai-product-design/,,,,Discuss your AI product,cta_click (post_cta),6-12 months (AI topics: quarterly),8,Position 8
/blog/how-to-choose-a-product-design-agency/,"live (byline, reviewer, next-steps added on staging)",UPDATE + EXPAND,P1,article,how to choose a product design agency,how to choose a product design agency,primary derived from slug (confirm in the section 65 brief at next refresh); secondary = GSC Sep 2026 queries,Startup Product Design,/services/product-design/,commercial investigation,evaluation / vendor,How to choose a product design agency.,Why this decision goes wrong so often | What you actually get | How the engagement runs | Proof | What it costs | Common questions | Where to go next | Still deciding?,"How much does it cost to hire a product design agency? | Should I hire an agency, a freelancer, or in-house? | What's the single most useful question to ask an agency? | How do I know if a portfolio is genuinely relevant? | How long should a design engagement take? | What should be in the contract? | Is it worth starting with a paid trial project?",Answer BlogPosting BreadcrumbList ContactPoint Country FAQPage GeoCoordinates ImageObject ListItem Person PostalAddress Question WebPage WebSite,10,/services/product-design/,,,,Start a project,cta_click (post_cta),6-12 months (AI topics: quarterly),19,Position 19
/blog/how-to-improve-website-conversion-rate-india/,"live (byline, reviewer, next-steps added on staging)",UPDATE + REPOSITION,P1,article,how to improve website conversion rate india,,primary derived from slug (confirm in the section 65 brief at next refresh),Website Redesign,/services/website-design/,informational,solution-aware,How to Improve Your Website Conversion Rate in India (Step-by-Step),How to Improve Your Website Conversion Rate in India (Step-by-Step) | Step 1: Fix Your Above-the-Fold Messaging | Step 2: Simplify the Mobile Experience | Step 3: Localize Your Trust Signals | Step 4: Reduce Form Friction | Frequently Asked Questions (FAQs) | Conclusion: Start Optimizing Today | Where to go next | Frequently Asked Questions | Ready to transform your product? | Common questions,What does this guide cover? | What should a team do first? | How long does a Designit engagement take? | How do I start a project with Designit?,Answer BlogPosting BreadcrumbList ContactPoint Country FAQPage GeoCoordinates ImageObject ListItem Person PostalAddress Question WebPage WebSite,12,/services/website-design/,,/projects/rcentric/,,Discuss your website,cta_click (post_cta),6-12 months (AI topics: quarterly),47.35,Position 47.35
/blog/landing-page-conversion-audit-services-india/,"live (byline, reviewer, next-steps added on staging)",KEEP*,P2,article,landing page conversion audit services india,,primary derived from slug (confirm in the section 65 brief at next refresh),UX Audit,/services/ux-audit/,informational,solution-aware,Landing Page Conversion Audit Services: What They Are and Why You Need One,Landing Page Conversion Audit Services: What They Are and Why You Need One | What is a Landing Page Conversion Audit? | What Does a Professional Audit Include? | Where to go next | Frequently Asked Questions | Ready to transform your product? | Common questions,What does this guide cover? | What should a team do first? | How long does a Designit engagement take? | How do I start a project with Designit? | Which regions does Designit work with? | Who actually works on the engagement? | What tools does the studio work in? | What are the engagement models and what do they cost? | What is included when the work is handed over? | Which sectors has the studio shipped work in?,Answer BlogPosting BreadcrumbList ContactPoint Country FAQPage GeoCoordinates ImageObject ListItem Person PostalAddress Question WebPage WebSite,10,/services/ux-audit/,,/projects/adda247/,,Request a UX audit,cta_click (post_cta),6-12 months (AI topics: quarterly),,"Not in the blueprint table; kept as-is, joins the internal-link graph"
/blog/landing-page-design-lead-generation-india/,"live (byline, reviewer, next-steps added on staging)",KEEP*,P2,article,landing page design lead generation india,,primary derived from slug (confirm in the section 65 brief at next refresh),Website Redesign,/services/website-design/,informational,solution-aware,Landing Page Design Secrets for Maximum Lead Generation in India,"Landing Page Design Secrets for Maximum Lead Generation in India | 1. The ""Rule of One"" | 2. The F-Pattern and Z-Pattern Layouts | 3. High-Contrast, Action-Oriented CTAs | 4. The Power of ""Above the Fold"" | Where to go next | Frequently Asked Questions | Ready to transform your product? | Common questions",What does this guide cover? | What should a team do first? | How long does a Designit engagement take? | How do I start a project with Designit? | Which regions does Designit work with? | Who actually works on the engagement? | What tools does the studio work in?,Answer BlogPosting BreadcrumbList ContactPoint Country FAQPage GeoCoordinates ImageObject ListItem Person PostalAddress Question WebPage WebSite,11,/services/website-design/,,/projects/rcentric/,,Discuss your website,cta_click (post_cta),6-12 months (AI topics: quarterly),,"Not in the blueprint table; kept as-is, joins the internal-link graph"
/blog/saas-dashboard-design-best-practices/,"live (byline, reviewer, next-steps added on staging)",KEEP + EXPAND,P1,article,saas dashboard design best practices,,primary derived from slug (confirm in the section 65 brief at next refresh),B2B SaaS Product Design,/services/saas-product-design/,commercial investigation,evaluation / vendor,SaaS Dashboard Design: 7 Best Practices That Reduce Churn,"Why Dashboards Are a Retention Problem, Not Just a Design Problem | Best Practice 1: Anchor the Dashboard to One Primary Metric | Best Practice 2: Design Empty States That Drive Action | Best Practice 3: Build Role-Aware Views | Best Practice 4: Reduce Time-to-Insight to Under 10 Seconds | Best Practice 5: Surface Trends, Not Just Snapshots | Best Practice 6: Make Customization Available but Not Required | Best Practice 7: Connect Dashboard Insights to In-Product Actions | Where to go next | Frequently Asked Questions | Ready to transform your product? | Common questions",What does this guide cover? | What should a team do first? | How long does a Designit engagement take? | How do I start a project with Designit?,Answer BlogPosting BreadcrumbList ContactPoint Country FAQPage GeoCoordinates ImageObject ListItem Person PostalAddress Question WebPage WebSite,10,/services/saas-product-design/,,/projects/kelp-global/,,Review your product with our UX audit,cta_click (post_cta),6-12 months (AI topics: quarterly),7.44,Position 7.44
/blog/saas-onboarding-ux-best-practices-india/,"live (byline, reviewer, next-steps added on staging)",UPDATE + EXPAND,P1,article,saas onboarding ux best practices india,fix saas onboarding drop offs ux,primary derived from slug (confirm in the section 65 brief at next refresh); secondary = GSC Sep 2026 queries,B2B SaaS Product Design,/services/saas-product-design/,commercial investigation,evaluation / vendor,SaaS Onboarding UX Best Practices That Reduce Drop-Off (India 2026),Why Drop-Off Happens in the First 7 Minutes | SaaS Onboarding UX Best Practices That Actually Move Activation | Guided Tours vs. Progressive Disclosure — When to Use Each | How to Know If Your Onboarding Is Actually Working | One Audit You Can Do This Week | Where to go next | Frequently Asked Questions | Ready to transform your product? | Common questions,What does this guide cover? | What should a team do first? | How long does a Designit engagement take? | How do I start a project with Designit? | Which regions does Designit work with? | Who actually works on the engagement?,Answer BlogPosting BreadcrumbList ContactPoint Country FAQPage GeoCoordinates ImageObject ListItem Person PostalAddress Question WebPage WebSite,12,/services/saas-product-design/,,/projects/kelp-global/,,Review your product with our UX audit,cta_click (post_cta),6-12 months (AI topics: quarterly),11.38,Position 11.38
/blog/signs-your-company-needs-a-rebrand-india/,"live (byline, reviewer, next-steps added on staging)",KEEP*,P2,article,signs your company needs a rebrand india,,primary derived from slug (confirm in the section 65 brief at next refresh),Branding,/services/branding/,informational,problem-aware,Signs Your Tech Startup Desperately Needs a Rebrand in 2026,"Signs Your Tech Startup Desperately Needs a Rebrand in 2026 | 1. You Look Identical to Your Competitors | 2. You Are Targeting Enterprise, But Look Like a College Project | 3. Your Product Has Completely Pivoted | 4. You Are Expanding Internationally | Where to go next | Frequently Asked Questions | Ready to transform your product? | Common questions",What does this guide cover? | What should a team do first? | How long does a Designit engagement take? | How do I start a project with Designit?,Answer BlogPosting BreadcrumbList ContactPoint Country FAQPage GeoCoordinates ImageObject ListItem Person PostalAddress Question WebPage WebSite,10,/services/branding/,,,,Discuss your brand,cta_click (post_cta),6-12 months (AI topics: quarterly),,"Not in the blueprint table; kept as-is, joins the internal-link graph"
/blog/ui-ux-audit-for-website-india/,"live (byline, reviewer, next-steps added on staging)",KEEP*,P2,article,ui ux audit for website india,,primary derived from slug (confirm in the section 65 brief at next refresh),UX Audit,/services/ux-audit/,informational,solution-aware,What to Expect from a Professional UI/UX Audit for Your Website in India,What to Expect from a Professional UI/UX Audit for Your Website in India | What is a UI/UX Audit? | The 4 Stages of a Comprehensive UI/UX Audit | Where to go next | Frequently Asked Questions | Ready to transform your product? | Common questions,What does this guide cover? | What should a team do first? | How long does a Designit engagement take? | How do I start a project with Designit?,Answer BlogPosting BreadcrumbList ContactPoint Country FAQPage GeoCoordinates ImageObject ListItem Person PostalAddress Question WebPage WebSite,10,/services/ux-audit/,,/projects/adda247/,,Request a UX audit,cta_click (post_cta),6-12 months (AI topics: quarterly),,"Not in the blueprint table; kept as-is, joins the internal-link graph"
/blog/ui-ux-design-agency-dubai-proptech/,"live (byline, reviewer, next-steps added on staging)",KEEP + EXPAND,P2,article,ui ux design agency dubai proptech,,primary derived from slug (confirm in the section 65 brief at next refresh),PropTech,/industries/real-estate/,commercial investigation,evaluation / vendor,UI/UX Design for UAE PropTech: The 2026 Playbook,UI/UX Design for UAE PropTech: The 2026 Playbook | Why UX Is Now a Commercial Metric in UAE PropTech | The 4 UX Pillars of a High-Converting PropTech Platform | Why Generic Agencies Get PropTech Wrong | How Designit Approaches PropTech UX — The Omniyat Example | What Strong PropTech UX Actually Moves | Frequently Asked Questions (FAQs) | Conclusion | Where to go next | Frequently Asked Questions | Ready to transform your product? | Common questions,What does this guide cover? | What should a team do first? | How long does a Designit engagement take? | How do I start a project with Designit?,Answer BlogPosting BreadcrumbList ContactPoint Country FAQPage GeoCoordinates ImageObject ListItem Person PostalAddress Question WebPage WebSite,14,,/industries/real-estate/,/projects/rcentric/,,Discuss your property platform,cta_click (post_cta),6-12 months (AI topics: quarterly),,Existing strong topical relevance
/blog/ui-ux-design-pricing-india-2026/,"live (byline, reviewer, next-steps added on staging)",KEEP*,P2,article,ui ux design pricing india 2026,,primary derived from slug (confirm in the section 65 brief at next refresh),Startup Product Design,/services/product-design/,commercial investigation,buying,How Much Does UI/UX Design Cost in India? (2026 Honest Guide),How Much Does UI/UX Design Cost in India? (2026 Honest Guide) | Why Design Pricing in India Is So Confusing | Actual 2026 Pricing by Project Type | What Makes the Price Go Up | The Three Red Flags of Cheap Design Agencies | What You Should Actually Budget | Where to go next | Frequently Asked Questions | Ready to transform your product? | Common questions,What does this guide cover? | What should a team do first? | How long does a Designit engagement take? | How do I start a project with Designit?,Answer BlogPosting BreadcrumbList ContactPoint Country FAQPage GeoCoordinates ImageObject ListItem Person PostalAddress Question WebPage WebSite,10,/services/product-design/,,,,Start a project,cta_click (post_cta),6-12 months (AI topics: quarterly),,"Not in the blueprint table; kept as-is, joins the internal-link graph"
/blog/ux-audit-checklist/,"live (byline, reviewer, next-steps added on staging)",KEEP*,P2,article,ux audit checklist,,primary derived from slug (confirm in the section 65 brief at next refresh),UX Audit,/services/ux-audit/,informational,solution-aware,"UX Audit Checklist: What to Check, and in What Order","1. Before you start: scope and evidence | 2. Journeys and task success | 3. Navigation and information architecture | 4. Forms and input | 5. Content and calls to action | 6. Feedback, states and trust | 7. Accessibility (a WCAG 2.1 AA pass) | 8. Mobile and responsive | 9. Speed as users feel it | 10. Evidence: tie every finding to a number | How to rank what you find | When a self-run checklist is not enough | Where to go next | Frequently Asked Questions | Ready to transform your product?",What is a UX audit? | How long does a UX audit take? | Can I run a UX audit myself? | What should I do with the findings? | How much does a UX audit cost?,Answer BlogPosting BreadcrumbList ContactPoint Country FAQPage GeoCoordinates ImageObject ListItem Person PostalAddress Question WebPage WebSite,11,/services/ux-audit/,,/projects/adda247/,,Request a UX audit,cta_click (post_cta),6-12 months (AI topics: quarterly),,"Not in the blueprint table; kept as-is, joins the internal-link graph"
/blog/visual-identity-vs-branding-startups/,"live (byline, reviewer, next-steps added on staging)",KEEP*,P2,article,visual identity vs branding startups,,primary derived from slug (confirm in the section 65 brief at next refresh),Branding,/services/branding/,commercial investigation,evaluation / vendor,Visual Identity vs. Branding: A Guide for Early-Stage Founders,Visual Identity vs. Branding: A Guide for Early-Stage Founders | What is Branding? (The Soul) | What is Visual Identity? (The Face) | Why Startups Fail When They Skip Branding | Where to go next | Frequently Asked Questions | Ready to transform your product? | Common questions,What does this guide cover? | What should a team do first? | How long does a Designit engagement take? | How do I start a project with Designit? | Which regions does Designit work with? | Who actually works on the engagement? | What tools does the studio work in?,Answer BlogPosting BreadcrumbList ContactPoint Country FAQPage GeoCoordinates ImageObject ListItem Person PostalAddress Question WebPage WebSite,10,/services/branding/,,,,Discuss your brand,cta_click (post_cta),6-12 months (AI topics: quarterly),,"Not in the blueprint table; kept as-is, joins the internal-link graph"
/blog/why-ecommerce-bounce-rate-so-high-india/,"live (byline, reviewer, next-steps added on staging)",KEEP*,P2,article,why ecommerce bounce rate so high india,,primary derived from slug (confirm in the section 65 brief at next refresh),Website Redesign,/services/website-design/,informational,problem-aware,Why is My Ecommerce Bounce Rate So High? (Indian Market Solutions),Why is My Ecommerce Bounce Rate So High? (Indian Market Solutions) | 1. Slow Page Load Speeds on Mobile | 2. Unclear Pricing and Hidden Shipping Costs | 3. Lack of Trust and COD Options | 4. Forced Account Creation | Where to go next | Frequently Asked Questions | Ready to transform your product? | Common questions,What does this guide cover? | What should a team do first? | How long does a Designit engagement take? | How do I start a project with Designit? | Which regions does Designit work with? | Who actually works on the engagement? | What tools does the studio work in? | What are the engagement models and what do they cost?,Answer BlogPosting BreadcrumbList ContactPoint Country FAQPage GeoCoordinates ImageObject ListItem Person PostalAddress Question WebPage WebSite,10,/services/website-design/,,/projects/rcentric/,,Discuss your website,cta_click (post_cta),6-12 months (AI topics: quarterly),,"Not in the blueprint table; kept as-is, joins the internal-link graph"
/blog/why-website-not-converting-visitors-india/,"live (byline, reviewer, next-steps added on staging)",KEEP*,P2,article,why website not converting visitors india,,primary derived from slug (confirm in the section 65 brief at next refresh),Website Redesign,/services/website-design/,informational,problem-aware,Why Your Website is Not Converting Visitors (And How to Fix It in India),Why Your Website is Not Converting Visitors (And How to Fix It in India) | Reason 1: A Vague or Weak Value Proposition | Reason 2: Mobile Unresponsiveness | Reason 3: Too Much Friction in the Conversion Path | Reason 4: Lack of Localized Trust Signals | Where to go next | Frequently Asked Questions | Ready to transform your product? | Common questions,What does this guide cover? | What should a team do first? | How long does a Designit engagement take? | How do I start a project with Designit? | Which regions does Designit work with? | Who actually works on the engagement? | What tools does the studio work in? | What are the engagement models and what do they cost? | What is included when the work is handed over? | Which sectors has the studio shipped work in? | How quickly does a project get started? | How do I get in touch?,Answer BlogPosting BreadcrumbList ContactPoint Country FAQPage GeoCoordinates ImageObject ListItem Person PostalAddress Question WebPage WebSite,10,/services/website-design/,,/projects/rcentric/,,Discuss your website,cta_click (post_cta),6-12 months (AI topics: quarterly),,"Not in the blueprint table; kept as-is, joins the internal-link graph"
/careers/,live,KEEP,P2,company,,,navigational / brand,,,navigational,,Where Craft and Culture Align,Why Designers Love Working Here | Current Openings | Ready to Build a Product Your Users Will Love? | Common questions | Have a Project? Let's Talk!,What is Where Craft and Culture Align about? | What does that mean in practice? | What does that mean in practice? | How long does a Designit engagement take? | How do I start a project with Designit?,Answer Article BreadcrumbList ContactPoint Country FAQPage GeoCoordinates ImageObject ListItem Person PostalAddress Question WebPage WebSite,2,,,,,,,6 months,,Existing visibility (/careers.html already 308s here via cleanUrls)
/contact/,live,KEEP,P1,company,,,navigational / brand,,,navigational,,Let's Build Something Great Together,Start Your Project | A Rigorous Process That Moves at the Speed of Business | Have a Project? Let's Talk! | Common questions,What is Let's Build Something Great Together about? | What does that mean in practice? | What does that mean in practice? | How long does a Designit engagement take? | How do I start a project with Designit? | Which regions does Designit work with? | Who actually works on the engagement?,Answer Article BreadcrumbList ContactPoint Country FAQPage GeoCoordinates ImageObject ListItem Person PostalAddress Question WebPage WebSite,2,,,,,,,6 months,,Existing indexed page (/contact.html already 308s here)
/industries/,"live, rebuilt on staging",KEEP + REWRITE,P1,hub,industry ux design,,page spec (content/pages),Hub,,navigational,evaluation,Industries we design for,Technology | Financial | Growth and platforms | Product-heavy sectors | Experience behind the work | FAQ,Which industries does Designit specialise in? | Do you only work with Indian companies? | Can Designit handle domain-specific requirements?,CollectionPage,10,,,,EV-SITE-CASE-COUNT; EV-FOUNDER,Don't see your industry?,start_project,6 months,,Industry hub
/industries/ai/,new on staging,CREATE,P1,industry,ai startup product design,ai saas design; agentic product design; ai interface design; ai workflow design,page spec (content/pages),AI Product Design,/services/ai-product-design/,commercial,evaluation,Product design for AI startups and AI-native software,Who we work with | What we design | Our point of view | What product leaders say | Related | FAQ,What do AI startups most often get wrong in product design? | How should an AI SaaS product onboard new users? | Can you show us AI work you've done?,WebPage,5,/services/ai-product-design/; /services/saas-product-design/; /services/ux-research/,,,EV-OWNER-AI-SERVICE; EV-QUOTE-PANKAJ,"Tell us what your AI does, and what happens when it's wrong",start_project,monthly to quarterly,,Sections 27 and 32: strategic emerging category
/industries/automotive/,"live, rebuilt on staging",KEEP + EXPAND,P1,industry,automotive hmi design agency,infotainment ux design; instrument cluster design; in-car ux; hmi design services,page spec (content/pages),Automotive,/industries/automotive/,commercial,evaluation,In-car design where a second of attention is the budget,Why automotive HMI breaks normal design rules | What we design | How an HMI engagement runs | Selected automotive work | FAQ,How do you design for driver distraction? | Do you work within existing hardware constraints? | How long do automotive engagements take?,WebPage,6,/services/product-design/; /services/ux-research/; /services/design-systems/,,/projects/tata-elxsi/,EV-TATA-SCOPE,"Designing for the road, not the desk",start_project,6 months,,Existing visibility
/industries/b2b-saas/,"live, rebuilt on staging",KEEP + EXPAND,P1,industry,b2b saas design agency,b2b saas ux design; b2b ui/ux design services; saas dashboard design; enterprise saas ux,page spec (content/pages),B2B SaaS Product Design,/services/saas-product-design/,commercial,evaluation,B2B SaaS product design for complex workflows,"Why SaaS products become difficult to use | SaaS UX challenges we work on | Research, redesign and audit | Selected SaaS work | Related insights | FAQ",What makes B2B SaaS design different from consumer product design? | How do you design dashboards without making them cluttered? | Which B2B SaaS metrics does design actually move? | Do you work with our existing design system? | How long does a SaaS engagement take?,WebPage,14,/services/saas-product-design/; /services/ux-audit/; /services/design-systems/,,/projects/kelp-global/; /projects/betacrew/,EV-KELP-SCOPE; EV-BETACREW-SCOPE,Bring the screen your users complain about,start_project,6 months,,Strong topical opportunity
/industries/e-commerce/,"live, rebuilt on staging",KEEP + EXPAND,P1,industry,ecommerce ux design agency,checkout ux; product page design; ecommerce conversion; d2c ux design,page spec (content/pages),Website Redesign,/services/conversion-optimization/,commercial,evaluation,"E-commerce design judged on revenue per visitor, not aesthetics",Where online retail actually loses money | What we design | How a retail engagement runs | Related insights | FAQ,What has the biggest impact on e-commerce conversion? | How much can we expect conversion to improve? | Do you work on Shopify and other platforms?,WebPage,8,/services/conversion-optimization/; /services/ux-audit/; /services/website-design/,,,EV-PROCESS-AUDIT,Which step is costing you most?,start_project,6 months,,Existing category
/industries/edtech/,"live, rebuilt on staging",KEEP + EXPAND*,P1,industry,edtech ux design agency,edtech app design; learning platform ux; e-learning ux design; edtech ux design india,page spec (content/pages),EdTech,/industries/edtech/,commercial,evaluation,"EdTech design measured by completion, not by enrolment",What EdTech design has to solve | What we design | How an EdTech engagement runs | Selected EdTech work | What EdTech product leaders say | Related insights | FAQ,What actually improves course completion rates? | How do you design assessment interfaces that learners trust? | Do you design for low-end devices and poor connectivity? | How do you balance learner and parent or institution needs? | Can you work on live and synchronous learning?,WebPage,10,/services/ux-research/; /services/product-design/; /services/mobile-app-design/,,/projects/adda247/,EV-ADDA-SCOPE; EV-QUOTE-AKANKSHA; EV-QUOTE-MURLIDHAR; EV-QUOTE-VISHVESH,Where do your learners stop?,start_project,6 months,,"Blueprint lists CREATE; the page already exists, so it is expanded around the edtech-ux-design-india seed"
/industries/fintech/,"live, rebuilt on staging",KEEP + EXPAND,P1,industry,fintech ux design agency,fintech app design; kyc onboarding ux; payment ux design; fintech dashboard design,page spec (content/pages),Fintech,/industries/fintech/,commercial,evaluation,"Fintech design, where trust is a feature and regulation is a constraint",What makes fintech design harder than it looks | What we design for fintech | How a fintech engagement runs | Related work | Related insights | FAQ,How do you reduce KYC drop-off without breaking compliance? | Do you work with our compliance team? | Can you design for Arabic and RTL markets? | Which markets' regulations do you design for?,WebPage,8,/services/ux-audit/; /services/product-design/; /services/mobile-app-design/,,/projects/betacrew/,EV-BETACREW-SCOPE; EV-QUOTE-FIRDOSH,Where do your users stop trusting the flow?,start_project,6 months,,Existing authority seed
/industries/real-estate/,"live, rebuilt on staging",KEEP + REPOSITION AS PROPTECH*,P1,industry,proptech design agency,real estate website design; luxury property website design; proptech ux; real estate ux design dubai,page spec (content/pages),PropTech,/industries/real-estate/,commercial,evaluation,"PropTech and real estate design, where the website is the first viewing",What property design actually has to solve | What we design | Selected PropTech work | Related insights | FAQ,How do you increase qualified enquiries rather than total enquiries? | Can you handle Arabic and RTL for Gulf markets? | How long does a property experience take? | Do you work with PropTech platforms as well as developers?,WebPage,7,/services/website-design/; /services/design-systems/; /services/conversion-optimization/,,/projects/rcentric/,EV-RCENTRIC-SCOPE; EV-RCENTRIC-QUALIFICATION,Make the first viewing count,start_project,6 months,,Blueprint asks for /industries/proptech/; the existing URL is kept (equity) and /industries/proptech/ redirects to it
/locations/,new on staging,CREATE,P1,hub,ui ux design agency locations,,page spec (content/pages),Locations,,navigational,vendor,Where we work,Markets we serve | How international engagements run,,CollectionPage,6,,,,EV-MARKETS,"Wherever you are, the first step is the same",start_project,6 months,,Section 78: hub linking the existing USA/UK/Dubai pages
/privacy-policy/,live,KEEP noindex*,P2,utility,,,navigational / brand,,,navigational,,Privacy Policy,Contents | 1. Introduction | 2. Information We Collect | 3. How We Use Your Information | 4. Cookies & Tracking Technologies | 5. Third-Party Services | 6. Data Sharing & Disclosure | 7. Data Retention | 8. International Data Transfers | 9. Your Rights | 10. Security | 11. Children's Privacy | 12. Policy Updates | 13. Contact | Have a Project? Let's Talk! | Common questions,What is Privacy Policy about? | What does that mean in practice? | What does that mean in practice? | How long does a Designit engagement take? | How do I start a project with Designit?,Answer ContactPoint Country FAQPage GeoCoordinates ImageObject Person PostalAddress Question WebPage WebSite,2,,,,,,,6 months,,"Legal page, intentionally noindex"
/projects/,"live, rebuilt on staging",KEEP + REWRITE,P1,hub,product design case studies,ux case studies; ui ux portfolio; saas design case study,page spec (content/pages),Work,,evaluation,evaluation / vendor,Selected product design work,Client engagements | Every case study | What the people we worked with say | FAQ,What case studies does Designit have? | What was designed for Adda247? | What was designed for Kelp Global? | Can we see work that isn't published here?,CollectionPage,29,,,/projects/adda247/; /projects/kelp-global/; /projects/betacrew/; /projects/rcentric/; /projects/tata-elxsi/; /projects/adda247/homepage-revamp/; /projects/adda247/test-series/; /projects/adda247/live-class/; /projects/adda247/ios-app/; /projects/adda247/studio-app/; /projects/adda247/my-content/; /projects/adda247/community/; /projects/adda247/performance-dashboard/; /projects/adda247/sankalp-bharat/; /projects/kelp-global/kelp-plugin/; /projects/kelp-global/truenorth/; /projects/kelp-global/deals-module/; /projects/betacrew/portle/; /projects/rcentric/liv/; /projects/rcentric/liv-reside/; /projects/rcentric/orla-infinity/; /projects/rcentric/opus/; /projects/rcentric/vela-viento/; /projects/rcentric/anwa-aria/; /projects/rcentric/ela/; /projects/tata-elxsi/infotainment/; /projects/tata-elxsi/instrument-cluster/,EV-ADDA-SCOPE; EV-KELP-SCOPE; EV-BETACREW-SCOPE; EV-RCENTRIC-SCOPE; EV-TATA-SCOPE; EV-TESTIMONIALS,Have a similar problem?,start_project,when new evidence is available,,Canonical work hub (nav label 'Work'; /work/ redirects here)
/projects/adda247/,"live, rebuilt on staging",KEEP + EXPAND,P1,case-study,adda247 ux case study,edtech ux case study; learning platform redesign; test series ui design,page spec (content/pages),Work,,evaluation,evaluation / vendor,Adda247: one coherent learning experience across a growing exam-prep platform,Executive summary | Project facts | The business problem | The user problem | What we did | Key lessons | Every Adda247 module | What the Adda247 team says | Related | FAQ,What did Designit design for Adda247? | Which platforms did the work cover? | Are outcome metrics published for this project?,Article,16,/services/product-design/; /services/ux-research/; /services/mobile-app-design/,/industries/edtech/,/projects/adda247/homepage-revamp/; /projects/adda247/test-series/; /projects/adda247/live-class/; /projects/adda247/ios-app/; /projects/adda247/studio-app/; /projects/adda247/my-content/; /projects/adda247/community/; /projects/adda247/performance-dashboard/; /projects/adda247/sankalp-bharat/,EV-ADDA-SCOPE; EV-QUOTE-AKANKSHA; EV-QUOTE-MURLIDHAR,Have a learning product that needs this?,start_project,when new evidence is available,,Existing impressions and proof
/projects/adda247/community/,live,KEEP*,P2,case-study (sub-project),adda247 community design,,derived from URL; sub-projects support the parent case study,Work,/projects/adda247/,informational / proof,evaluation,Community Module,The Challenge & Opportunity | What Needed to Change | How We Approached It | What We Built | Design Highlights | The Final Product | Have a similar challenge? | Common questions,What is Community Module? | What problem did Community Module solve? | How did Designit approach Community Module? | How long does a Designit engagement take? | Which regions does Designit work with? | Who actually works on the engagement? | What tools does the studio work in?,Answer Article BreadcrumbList ContactPoint Country FAQPage GeoCoordinates ImageObject ListItem Person PostalAddress Question WebPage WebSite,6,,,/projects/adda247/,,,,when new evidence is available,,"Not in the blueprint table; kept as-is, joins the internal-link graph"
/projects/adda247/homepage-revamp/,live,"KEEP, review for consolidation later",P2,case-study (sub-project),adda247 homepage revamp design,,derived from URL; sub-projects support the parent case study,Work,/projects/adda247/,informational / proof,evaluation,Keeping ADDA Home Simple & Approachable,"A smarter home for India's biggest EdTech | What the data revealed | Four problems to solve | ""How might we create a seamless and engaging home experience that fosters trust, enhances product discovery, and motivates students to study — while reducing clutter, improving navigation, and leveraging top educators to drive retention and conversions?"" | How we approached it | What we redesigned | Impact of the redesign | Common questions",What is Keeping ADDA Home Simple & Approachable? | What problem did Keeping ADDA Home Simple & Approachable solve? | How did Designit approach Keeping ADDA Home Simple & Approachable? | How long does a Designit engagement take? | Which regions does Designit work with? | Who actually works on the engagement? | What tools does the studio work in?,Answer Article BreadcrumbList ContactPoint Country FAQPage GeoCoordinates ImageObject ListItem Person PostalAddress Question WebPage WebSite,5,,,/projects/adda247/,,,,when new evidence is available,,Preserve existing search equity
/projects/adda247/ios-app/,live,KEEP,P2,case-study (sub-project),adda247 ios app design,,derived from URL; sub-projects support the parent case study,Work,/projects/adda247/,informational / proof,evaluation,iOS & iPad App,The Challenge & Opportunity | What Needed to Change | How We Approached It | What We Built | Design Highlights | The Final Product | Have a similar challenge? | Common questions,What is iOS & iPad App? | What problem did iOS & iPad App solve? | How did Designit approach iOS & iPad App? | How long does a Designit engagement take? | Which regions does Designit work with? | Who actually works on the engagement?,Answer Article BreadcrumbList ContactPoint Country FAQPage GeoCoordinates ImageObject ListItem Person PostalAddress Question WebPage WebSite,6,,,/projects/adda247/,,,,when new evidence is available,,Distinct product artifact
/projects/adda247/live-class/,live,KEEP,P2,case-study (sub-project),adda247 live class design,,derived from URL; sub-projects support the parent case study,Work,/projects/adda247/,informational / proof,evaluation,Live Class Module,The Challenge & Opportunity | What Needed to Change | How We Approached It | What We Built | Design Highlights | The Final Product | Have a similar challenge? | Common questions,What is Live Class Module? | What problem did Live Class Module solve? | How did Designit approach Live Class Module? | How long does a Designit engagement take? | Which regions does Designit work with?,Answer Article BreadcrumbList ContactPoint Country FAQPage GeoCoordinates ImageObject ListItem Person PostalAddress Question WebPage WebSite,6,,,/projects/adda247/,,,,when new evidence is available,,Unique scope
/projects/adda247/my-content/,live,KEEP*,P2,case-study (sub-project),adda247 my content design,,derived from URL; sub-projects support the parent case study,Work,/projects/adda247/,informational / proof,evaluation,My Content,The Challenge & Opportunity | What Needed to Change | How We Approached It | What We Built | Design Highlights | The Final Product | Have a similar challenge? | Common questions,What is My Content? | What problem did My Content solve? | How did Designit approach My Content? | How long does a Designit engagement take?,Answer Article BreadcrumbList ContactPoint Country FAQPage GeoCoordinates ImageObject ListItem Person PostalAddress Question WebPage WebSite,6,,,/projects/adda247/,,,,when new evidence is available,,"Not in the blueprint table; kept as-is, joins the internal-link graph"
/projects/adda247/performance-dashboard/,live,KEEP*,P2,case-study (sub-project),adda247 performance dashboard design,,derived from URL; sub-projects support the parent case study,Work,/projects/adda247/,informational / proof,evaluation,Performance Dashboard,The Challenge & Opportunity | What Needed to Change | How We Approached It | What We Built | Design Highlights | The Final Product | Have a similar challenge? | Common questions,What is Performance Dashboard? | What problem did Performance Dashboard solve? | How did Designit approach Performance Dashboard? | How long does a Designit engagement take?,Answer Article BreadcrumbList ContactPoint Country FAQPage GeoCoordinates ImageObject ListItem Person PostalAddress Question WebPage WebSite,6,,,/projects/adda247/,,,,when new evidence is available,,"Not in the blueprint table; kept as-is, joins the internal-link graph"
/projects/adda247/sankalp-bharat/,live,KEEP,P2,case-study (sub-project),adda247 sankalp bharat design,,derived from URL; sub-projects support the parent case study,Work,/projects/adda247/,informational / proof,evaluation,Sankalp Bharat App,The Challenge & Opportunity | What Needed to Change | How We Approached It | What We Built | Design Highlights | The Final Product | Have a similar challenge? | Common questions,What is Sankalp Bharat App? | What problem did Sankalp Bharat App solve? | How did Designit approach Sankalp Bharat App? | How long does a Designit engagement take?,Answer Article BreadcrumbList ContactPoint Country FAQPage GeoCoordinates ImageObject ListItem Person PostalAddress Question WebPage WebSite,6,,,/projects/adda247/,,,,when new evidence is available,,Unique scope
/projects/adda247/studio-app/,live,KEEP*,P2,case-study (sub-project),adda247 studio app design,,derived from URL; sub-projects support the parent case study,Work,/projects/adda247/,informational / proof,evaluation,Studio App for Smart Boards,The Challenge & Opportunity | What Needed to Change | How We Approached It | What We Built | Design Highlights | The Final Product | Have a similar challenge? | Common questions,What is Studio App for Smart Boards? | What problem did Studio App for Smart Boards solve? | How did Designit approach Studio App for Smart Boards? | How long does a Designit engagement take? | Which regions does Designit work with? | Who actually works on the engagement? | What tools does the studio work in? | What are the engagement models and what do they cost? | What is included when the work is handed over?,Answer Article BreadcrumbList ContactPoint Country FAQPage GeoCoordinates ImageObject ListItem Person PostalAddress Question WebPage WebSite,6,,,/projects/adda247/,,,,when new evidence is available,,"Not in the blueprint table; kept as-is, joins the internal-link graph"
/projects/adda247/test-series/,live,KEEP,P2,case-study (sub-project),adda247 test series design,,derived from URL; sub-projects support the parent case study,Work,/projects/adda247/,informational / proof,evaluation,Test Series Enhancement,The Challenge & Opportunity | What Needed to Change | How We Approached It | What We Built | Design Highlights | The Final Product | Have a similar challenge? | Common questions,What is Test Series Enhancement? | What problem did Test Series Enhancement solve? | How did Designit approach Test Series Enhancement? | How long does a Designit engagement take?,Answer Article BreadcrumbList ContactPoint Country FAQPage GeoCoordinates ImageObject ListItem Person PostalAddress Question WebPage WebSite,6,,,/projects/adda247/,,,,when new evidence is available,,Unique scope
/projects/betacrew/,"live, rebuilt on staging",KEEP + EXPAND,P1,case-study,developer platform ux case study,api management ui design; developer ux design; white-label design system,page spec (content/pages),Work,,evaluation,evaluation / vendor,Betacrew Portle: one developer platform replacing three API tools,Executive summary | Project facts | The business and user problem | What we did | Key lessons | Read the full case study | Related | FAQ,What is Portle? | How does the white-label system work?,Article,6,/services/product-design/; /services/design-systems/,/industries/b2b-saas/,/projects/betacrew/portle/,EV-BETACREW-SCOPE,Consolidating tools into one product?,start_project,when new evidence is available,,Case-study opportunity
/projects/betacrew/portle/,live,KEEP*,P2,case-study (sub-project),betacrew portle design,,derived from URL; sub-projects support the parent case study,Work,/projects/betacrew/,informational / proof,evaluation,Portle,"One Platform, Zero Fragmentation | The Challenge | How We Approached It | What We Delivered | What Makes It Stand Out | Design Highlights | Engagement Scope | Have a similar challenge? | Common questions",What is Portle? | What problem did Portle solve? | What results did Portle deliver? | How did Designit approach Portle? | How long does a Designit engagement take? | Who actually works on the engagement? | What tools does the studio work in? | What are the engagement models and what do they cost? | What is included when the work is handed over? | Which sectors has the studio shipped work in?,Answer Article BreadcrumbList ContactPoint Country FAQPage GeoCoordinates ImageObject ListItem Person PostalAddress Question WebPage WebSite,4,,,/projects/betacrew/,,,,when new evidence is available,,"Not in the blueprint table; kept as-is, joins the internal-link graph"
/projects/kelp-global/,"live, rebuilt on staging",KEEP + EXPAND,P1,case-study,b2b saas design case study,crm dashboard design; browser extension ux; saas design system case study,page spec (content/pages),Work,,evaluation,evaluation / vendor,Kelp Global: three connected sales products on one design system,Executive summary | Project facts | The business problem | The user problem | What we did | Key lessons | Every Kelp Global module | What the Kelp Global team says | Related | FAQ,What did Designit design for Kelp Global? | Are outcome metrics published for this project?,Article,9,/services/saas-product-design/; /services/design-systems/,/industries/b2b-saas/,/projects/kelp-global/kelp-plugin/; /projects/kelp-global/truenorth/; /projects/kelp-global/deals-module/,EV-KELP-SCOPE; EV-QUOTE-GIRISH,Building a multi-product SaaS suite?,start_project,when new evidence is available,,SaaS/product proof
/projects/kelp-global/deals-module/,live,KEEP*,P2,case-study (sub-project),kelp global deals module design,,derived from URL; sub-projects support the parent case study,Work,/projects/kelp-global/,informational / proof,evaluation,Deals Module,"Pipeline Management, Reimagined | The Challenge | How We Approached It | What We Delivered | What Makes It Stand Out | Design Highlights | Have a similar challenge? | Common questions",What is Deals Module? | What problem did Deals Module solve? | How did Designit approach Deals Module? | How long does a Designit engagement take? | Which regions does Designit work with? | Who actually works on the engagement? | What tools does the studio work in? | What are the engagement models and what do they cost? | What is included when the work is handed over? | Which sectors has the studio shipped work in?,Answer Article BreadcrumbList ContactPoint Country FAQPage GeoCoordinates ImageObject ListItem Person PostalAddress Question WebPage WebSite,6,,,/projects/kelp-global/,,,,when new evidence is available,,"Not in the blueprint table; kept as-is, joins the internal-link graph"
/projects/kelp-global/kelp-plugin/,live,KEEP*,P2,case-study (sub-project),kelp global kelp plugin design,,derived from URL; sub-projects support the parent case study,Work,/projects/kelp-global/,informational / proof,evaluation,Kelp Plugin,Intelligence at Your Fingertips | The Challenge | How We Approached It | What We Delivered | What Makes It Stand Out | Design Highlights | Have a similar challenge? | Common questions,What is Kelp Plugin? | What problem did Kelp Plugin solve? | How did Designit approach Kelp Plugin? | How long does a Designit engagement take?,Answer Article BreadcrumbList ContactPoint Country FAQPage GeoCoordinates ImageObject ListItem Person PostalAddress Question WebPage WebSite,6,,,/projects/kelp-global/,,,,when new evidence is available,,"Not in the blueprint table; kept as-is, joins the internal-link graph"
/projects/kelp-global/truenorth/,live,KEEP*,P2,case-study (sub-project),kelp global truenorth design,,derived from URL; sub-projects support the parent case study,Work,/projects/kelp-global/,informational / proof,evaluation,Truenorth Analytics,"Sales Insights, Visualized | The Challenge | How We Approached It | What We Delivered | What Makes It Stand Out | Design Highlights | Have a similar challenge? | Common questions",What is Truenorth Analytics? | What problem did Truenorth Analytics solve? | How did Designit approach Truenorth Analytics? | How long does a Designit engagement take?,Answer Article BreadcrumbList ContactPoint Country FAQPage GeoCoordinates ImageObject ListItem Person PostalAddress Question WebPage WebSite,6,,,/projects/kelp-global/,,,,when new evidence is available,,"Not in the blueprint table; kept as-is, joins the internal-link graph"
/projects/rcentric/,"live, rebuilt on staging",KEEP + EXPAND,P1,case-study,luxury property website case study,dubai real estate website design; proptech case study; omniyat website,page spec (content/pages),Work,,evaluation,evaluation / vendor,R-Centric: seven luxury Dubai property experiences on one shared system,Executive summary | Project facts | The business and buyer problem | What we did | Key lessons | Every property | Related | FAQ,Which properties did Designit design for R-Centric? | Why a shared system across properties?,Article,13,/services/website-design/; /services/design-systems/,/industries/real-estate/,/projects/rcentric/liv/; /projects/rcentric/orla-infinity/; /projects/rcentric/opus/; /projects/rcentric/vela-viento/; /projects/rcentric/anwa-aria/; /projects/rcentric/liv-reside/; /projects/rcentric/ela/,EV-RCENTRIC-SCOPE; EV-RCENTRIC-QUALIFICATION,Launching a property or a portfolio?,start_project,when new evidence is available,,Existing case study
/projects/rcentric/anwa-aria/,live,KEEP*,P2,case-study (sub-project),rcentric anwa aria design,,derived from URL; sub-projects support the parent case study,Work,/projects/rcentric/,informational / proof,evaluation,Anwa Aria,Establishing a New Maritime Address | The Challenge | How We Approached It | What We Delivered | What Makes It Stand Out | Design Highlights | Have a similar challenge? | Common questions,What is Anwa Aria? | What problem did Anwa Aria solve? | How did Designit approach Anwa Aria? | How long does a Designit engagement take?,Answer Article BreadcrumbList ContactPoint Country FAQPage GeoCoordinates ImageObject ListItem Person PostalAddress Question WebPage WebSite,6,,,/projects/rcentric/,,,,when new evidence is available,,"Not in the blueprint table; kept as-is, joins the internal-link graph"
/projects/rcentric/ela/,live,KEEP*,P2,case-study (sub-project),rcentric ela design,,derived from URL; sub-projects support the parent case study,Work,/projects/rcentric/,informational / proof,evaluation,ELA Residences,Where Wellness Meets Luxury | The Challenge | How We Approached It | What We Delivered | What Makes It Stand Out | Design Highlights | Have a similar challenge? | Common questions,What is ELA Residences? | What problem did ELA Residences solve? | How did Designit approach ELA Residences? | How long does a Designit engagement take? | Which regions does Designit work with? | Who actually works on the engagement? | What tools does the studio work in?,Answer Article BreadcrumbList ContactPoint Country FAQPage GeoCoordinates ImageObject ListItem Person PostalAddress Question WebPage WebSite,6,,,/projects/rcentric/,,,,when new evidence is available,,"Not in the blueprint table; kept as-is, joins the internal-link graph"
/projects/rcentric/liv-reside/,live,KEEP*,P2,case-study (sub-project),rcentric liv reside design,,derived from URL; sub-projects support the parent case study,Work,/projects/rcentric/,informational / proof,evaluation,LIV Reside,"Community Living, Elevated | The Challenge | How We Approached It | What We Delivered | What Makes It Stand Out | Design Highlights | Have a similar challenge? | Common questions",What is LIV Reside? | What problem did LIV Reside solve? | How did Designit approach LIV Reside? | How long does a Designit engagement take?,Answer Article BreadcrumbList ContactPoint Country FAQPage GeoCoordinates ImageObject ListItem Person PostalAddress Question WebPage WebSite,6,,,/projects/rcentric/,,,,when new evidence is available,,"Not in the blueprint table; kept as-is, joins the internal-link graph"
/projects/rcentric/liv/,live,KEEP*,P2,case-study (sub-project),rcentric liv design,,derived from URL; sub-projects support the parent case study,Work,/projects/rcentric/,informational / proof,evaluation,LIV,"Exclusive Luxury, Digitally Crafted | The Challenge | How We Approached It | What We Delivered | What Makes It Stand Out | Design Highlights | Have a similar challenge? | Common questions",What is LIV? | What problem did LIV solve? | How did Designit approach LIV? | How long does a Designit engagement take?,Answer Article BreadcrumbList ContactPoint Country FAQPage GeoCoordinates ImageObject ListItem Person PostalAddress Question WebPage WebSite,6,,,/projects/rcentric/,,,,when new evidence is available,,"Not in the blueprint table; kept as-is, joins the internal-link graph"
/projects/rcentric/opus/,live,KEEP*,P2,case-study (sub-project),rcentric opus design,,derived from URL; sub-projects support the parent case study,Work,/projects/rcentric/,informational / proof,evaluation,OPUS,"A Zaha Hadid Masterpiece, Online | The Challenge | How We Approached It | What We Delivered | What Makes It Stand Out | Design Highlights | Have a similar challenge? | Common questions",What is OPUS? | What problem did OPUS solve? | How did Designit approach OPUS? | How long does a Designit engagement take? | Who actually works on the engagement?,Answer Article BreadcrumbList ContactPoint Country FAQPage GeoCoordinates ImageObject ListItem Person PostalAddress Question WebPage WebSite,6,,,/projects/rcentric/,,,,when new evidence is available,,"Not in the blueprint table; kept as-is, joins the internal-link graph"
/projects/rcentric/orla-infinity/,live,KEEP*,P2,case-study (sub-project),rcentric orla infinity design,,derived from URL; sub-projects support the parent case study,Work,/projects/rcentric/,informational / proof,evaluation,Orla Infinity,"Architectural Grandeur, Digitally Expressed | The Challenge | How We Approached It | What We Delivered | What Makes It Stand Out | Design Highlights | Have a similar challenge? | Common questions",What is Orla Infinity? | What problem did Orla Infinity solve? | How did Designit approach Orla Infinity? | How long does a Designit engagement take?,Answer Article BreadcrumbList ContactPoint Country FAQPage GeoCoordinates ImageObject ListItem Person PostalAddress Question WebPage WebSite,6,,,/projects/rcentric/,,,,when new evidence is available,,"Not in the blueprint table; kept as-is, joins the internal-link graph"
/projects/rcentric/vela-viento/,live,KEEP*,P2,case-study (sub-project),rcentric vela viento design,,derived from URL; sub-projects support the parent case study,Work,/projects/rcentric/,informational / proof,evaluation,Vela Viento,"Waterfront Luxury, Scroll by Scroll | The Challenge | How We Approached It | What We Delivered | What Makes It Stand Out | Design Highlights | Have a similar challenge? | Common questions",What is Vela Viento? | What problem did Vela Viento solve? | How did Designit approach Vela Viento? | How long does a Designit engagement take?,Answer Article BreadcrumbList ContactPoint Country FAQPage GeoCoordinates ImageObject ListItem Person PostalAddress Question WebPage WebSite,6,,,/projects/rcentric/,,,,when new evidence is available,,"Not in the blueprint table; kept as-is, joins the internal-link graph"
/projects/tata-elxsi/,"live, rebuilt on staging",KEEP + EXPAND,P1,case-study,automotive hmi case study,infotainment ux case study; digital instrument cluster design; tata elxsi hmi,page spec (content/pages),Work,,evaluation,evaluation / vendor,Tata Elxsi: an infotainment system and instrument cluster designed for the glance,Executive summary | Project facts | The business and driver problem | What we did | Key lessons | Both systems | Related | FAQ,What did Designit design for Tata Elxsi? | How was the design validated?,Article,7,/services/product-design/; /services/ux-research/,/industries/automotive/,/projects/tata-elxsi/infotainment/; /projects/tata-elxsi/instrument-cluster/,EV-TATA-SCOPE,Designing for the road?,start_project,when new evidence is available,,Existing visibility
/projects/tata-elxsi/infotainment/,live,KEEP*,P2,case-study (sub-project),tata elxsi infotainment design,,derived from URL; sub-projects support the parent case study,Work,/projects/tata-elxsi/,informational / proof,evaluation,Infotainment System,Safety Meets Intuition | The Challenge | How We Approached It | What We Delivered | What Makes It Stand Out | Design Highlights | Have a similar challenge? | Common questions,What is Infotainment System? | What problem did Infotainment System solve? | How did Designit approach Infotainment System? | How long does a Designit engagement take? | Who actually works on the engagement? | What tools does the studio work in?,Answer Article BreadcrumbList ContactPoint Country FAQPage GeoCoordinates ImageObject ListItem Person PostalAddress Question WebPage WebSite,5,,,/projects/tata-elxsi/,,,,when new evidence is available,,"Not in the blueprint table; kept as-is, joins the internal-link graph"
/projects/tata-elxsi/instrument-cluster/,live,KEEP*,P2,case-study (sub-project),tata elxsi instrument cluster design,,derived from URL; sub-projects support the parent case study,Work,/projects/tata-elxsi/,informational / proof,evaluation,Digital Instrument Cluster,Beyond Analog Gauges | The Challenge | How We Approached It | What We Delivered | What Makes It Stand Out | Design Highlights | Have a similar challenge? | Common questions,What is Digital Instrument Cluster? | What problem did Digital Instrument Cluster solve? | How did Designit approach Digital Instrument Cluster? | How long does a Designit engagement take? | Which regions does Designit work with?,Answer Article BreadcrumbList ContactPoint Country FAQPage GeoCoordinates ImageObject ListItem Person PostalAddress Question WebPage WebSite,5,,,/projects/tata-elxsi/,,,,when new evidence is available,,"Not in the blueprint table; kept as-is, joins the internal-link graph"
/resources/,new on staging,CREATE,P2,hub,ux design resources,,page spec (content/pages),Resources,,informational,problem-aware,Resources for product teams,Tools and checklists | Cost guides | Buyer guides,,CollectionPage,11,,,,,,asset_open,quarterly,,"Section 8B: resources layer (checklists now, reports later)"
/services/,"live, rebuilt on staging",KEEP + REWRITE,P0,hub,product design services,ui ux design services; ux design services; design services for saas,page spec (content/pages),Hub,,commercial / navigational,evaluation,"Product design services, from research to scale","What do you need help with? | How we work: discover, define, design, validate, scale | All services | Or start from the situation you're in | Selected work | FAQ",How long does a Designit engagement take? | Who actually works on the engagement? | Which service should we start with? | Which regions does Designit work with? | How do I start a project with Designit?,CollectionPage,24,,,/projects/adda247/; /projects/kelp-global/; /projects/tata-elxsi/,,"Start with a conversation, not a proposal",start_project,quarterly,,Services hub
/services/ai-product-design/,new on staging,CREATE,P1,service,ai product design agency,ai ux design; ai interface design; ai product strategy; ai agent ux; conversational ux; human-ai interaction; chatbot ui,page spec (content/pages),AI Product Design,/services/ai-product-design/,commercial,evaluation / buying,Designing AI products people can understand and trust,"What changes when a product becomes AI-powered? | AI product problems we solve | AI interaction patterns | Designing for uncertainty | Designing AI feedback and system state | Human approval and agent actions | Error recovery | Trust and explainability | AI onboarding, dashboards and agentic experiences | AI product discovery | AI product design process | Related AI insights | FAQ",How should an AI agent communicate what it is doing? | How should users approve an agent's action? | How much autonomy should an AI agent have? | What happens when an AI agent fails? | How do users recover from AI mistakes? | How should AI explain uncertainty? | How do you design the handoff from AI to a human? | How should agent permissions work? | Do you build or train AI models?,Service,8,/services/product-design/; /services/ux-research/; /services/saas-product-design/,/industries/ai/; /industries/b2b-saas/,,EV-OWNER-AI-SERVICE,"Tell us what your AI should do, and what happens when it's wrong",start_project,monthly to quarterly,,Section 23: long-term AI authority category
/services/branding/,new on staging,CREATE,P1,service,startup branding agency,startup branding packages india; branding company for startups; b2b saas branding; technology brand positioning; brand identity; rebranding; brand research,page spec (content/pages),Branding,/services/branding/,commercial,evaluation / buying,Brand systems for technology companies ready to grow,"Brand strategy | Positioning | Brand research | Visual identity | Digital brand systems | B2B SaaS branding, startup branding and rebranding | Branding packages: how we scope them | Branding process | Related reading | FAQ",How much does startup branding cost? | What should a startup branding package include? | How long does a branding project take? | How should a B2B SaaS company approach rebranding? | Do you design logos only? | Can you also design our website and product UI?,Service,9,/services/website-design/; /services/design-systems/,/industries/b2b-saas/; /industries/fintech/,,EV-OWNER-BRANDING-SERVICE; EV-HOME-BRANDING-SERVICE,Does your brand look as credible as your product?,start_project,annually (pricing) / 6 months,,Section 26: GSC branding queries need a commercial destination
/services/conversion-optimization/,new on staging,CREATE,P1,service,conversion rate optimization ux,cro agency; ux conversion optimization; landing page conversion; saas conversion; checkout optimization; website conversion improvement,page spec (content/pages),Website Redesign,/services/conversion-optimization/,commercial,problem-aware / evaluation,Conversion optimization through better product experience,What causes conversion friction? | How UX affects conversion | Where conversion is won or lost | Experimentation | Analytics-informed design | UX audit + CRO | Case studies | Related reading | FAQ,How is UX-led conversion optimization different from CRO testing? | How much can conversion improve? | Do you run the A/B tests? | What data do you need? | Should we fix conversion before spending more on ads?,Service,15,/services/ux-audit/; /services/website-design/; /services/saas-product-design/,/industries/e-commerce/; /industries/b2b-saas/; /industries/real-estate/,/projects/rcentric/,EV-RCENTRIC-QUALIFICATION; EV-PROCESS-AUDIT,Where are you losing people who wanted to buy?,start_project,quarterly,,Section 25: commercial destination for CRO content
/services/design-systems/,"live, rebuilt on staging",KEEP + EXPAND,P1,service,design system agency,design system services; design tokens; figma design system; design system governance; enterprise design system; design system for saas,page spec (content/pages),Design Systems,/services/design-systems/,commercial,evaluation / buying,Design systems that help product teams ship consistently,When do you need a design system? | Signs your product has outgrown ad-hoc UI | What we build | Design system governance | Design system implementation | Design system ROI | Design systems for SaaS and enterprise | Case studies | What does a design system cost? | FAQ,How long does it take to build a design system? | Do we need a design system at all? | Will this work with our existing codebase and framework? | What if we already have a design system that isn't working? | How do you make sure engineers actually adopt it? | Does the system include dark mode and theming? | Who maintains it after handover?,Service,7,/services/saas-product-design/; /services/ux-audit/; /solutions/design-system-scaling/,/industries/b2b-saas/,/projects/kelp-global/; /projects/betacrew/; /projects/adda247/,EV-PROCESS-DS; EV-KELP-SCOPE; EV-ADDA-SCOPE; EV-BETACREW-SCOPE,Is your system being worked around?,start_project,quarterly,,Existing visibility and strategic value
/services/mobile-app-design/,new on staging,CREATE,P1,service,mobile app design agency,mobile app ui ux design; ios app design; android app design; mobile app redesign; mobile apps dashboard design,page spec (content/pages),Product Design,/services/product-design/,commercial,evaluation / buying,Mobile app design for products people open every day,"Why mobile apps lose users | What we design | iOS and Android: same product, native behaviour | Designing for real devices and networks | Mobile app design process | Mobile app case studies | How much does mobile app design cost? | FAQ",Should our iOS and Android apps look the same? | Do you design for tablets and iPad? | Can you redesign an existing app without disrupting current users? | Do you design for offline and low-bandwidth use? | Do you build the app? | How long does mobile app design take?,Service,7,/services/product-design/; /services/ux-audit/; /services/design-systems/,/industries/edtech/; /industries/fintech/,/projects/adda247/ios-app/; /projects/adda247/sankalp-bharat/; /projects/adda247/studio-app/,EV-ADDA-SCOPE; EV-ADDA-IOS; EV-DELIVERY-BOUNDARY,Let's look at your app on a real phone,start_project,quarterly,,Section 98: tenth core commercial page
/services/product-design/,"live, rebuilt on staging",KEEP + REWRITE,P0,service,product design agency,digital product design; product design services; product redesign; product discovery; mvp design; enterprise product design; ux ui product design; product design agency for startups,page spec (content/pages),Startup Product Design,/services/product-design/,commercial / transactional,vendor / buying,Product design that turns complexity into usable experiences,What product design solves | When should you bring in a product design partner? | Product discovery: deciding what to build | Product strategy: structure before screens | What we cover | Product design for different stages | Our process | How we collaborate with product and engineering teams | Selected product design work | How much does product design cost? | FAQ,What does a product design agency actually do? | How is product design different from UI/UX design? | Can you run discovery without committing to the full build? | How long does a product design engagement take? | Do you work on regulated or safety-critical products? | How do you handle disagreement about direction? | What if we already have a designer or a design team? | How do you measure success?,Service,15,/services/saas-product-design/; /services/ux-research/; /services/design-systems/; /services/ux-audit/,/industries/b2b-saas/; /industries/automotive/; /industries/edtech/,/projects/tata-elxsi/; /projects/adda247/; /projects/betacrew/,EV-PROCESS-PRODUCT; EV-TATA-SCOPE; EV-ADDA-SCOPE; EV-BETACREW-SCOPE; EV-RCENTRIC-SCOPE,Start a product conversation,start_project,quarterly,,Core commercial page
/services/saas-product-design/,"live, rebuilt on staging",KEEP + REWRITE,P0,service,saas product design agency,b2b saas ux design; saas ui/ux design services; ui ux design services for saas; saas redesign; saas dashboard design; saas onboarding ux,page spec (content/pages),B2B SaaS Product Design,/services/saas-product-design/,commercial,vendor / buying,SaaS product design for complex B2B products,What makes SaaS UX difficult? | When does a SaaS product need redesign? | SaaS problems we help solve | SaaS product design process | SaaS case studies | What does SaaS product design cost? | How long does a SaaS redesign take? | Related SaaS insights | FAQ,"How is this different from hiring a general UI/UX agency? | How long does a SaaS product design engagement take? | Do you work with our existing design system, or replace it? | Can you work with our engineering team's stack and sprint cadence? | How do you measure whether the design worked? | Who actually does the work? | Do you sign NDAs and work with regulated data?",Service,11,/services/ux-audit/; /services/design-systems/; /services/product-design/,/industries/b2b-saas/,/projects/kelp-global/; /projects/betacrew/,EV-PROCESS-SAAS; EV-KELP-SCOPE; EV-BETACREW-SCOPE; EV-ADDA-SCOPE,Let's look at your product together,start_project,quarterly,,High-value SaaS opportunity | GSC: query 'saas product design agency' pos 91
/services/ui-ux-design/,"live, rebuilt on staging",KEEP + RETARGET*,P1,service,ui ux design company,ui ux design studio; ui ux studio; ui ux design services in india; ui ux design consulting; ui/ux design company; ui/ux studio; ui ux designing company,page spec (content/pages),Product Design,/services/product-design/,commercial,vendor,A UI/UX design studio for software people use every day,What does a UI/UX design company do? | What usually brings teams to us | What you get | UI/UX design consulting | How the engagement runs | Selected work | How much does UI/UX design cost? | FAQ,"What's the difference between UI and UX design, practically? | Do you work with our existing brand and design language? | Can you work with our in-house designers? | What happens after handover? | Will we get juniors after the pitch? | Do you design for accessibility? | Where are you based, and who do you work with?",Service,11,/services/product-design/; /services/ux-audit/; /services/design-systems/,/industries/automotive/; /industries/e-commerce/; /industries/fintech/; /industries/edtech/,/projects/betacrew/,EV-PROCESS-UIUX; EV-BETACREW-SCOPE,Tell us what isn't working,start_project,quarterly,,Owns the 'ui ux design company / studio / services' pool so /services/product-design/ can own 'product design agency' without cannibalising it
/services/ux-audit/,"live, rebuilt on staging",KEEP + REWRITE,P0,service,ux audit services,ux audit agency; ux audit company; user experience audit services; website ux audit; saas ux audit; design audit; heuristic evaluation; website ux audit company,page spec (content/pages),UX Audit,/services/ux-audit/,commercial,evaluation / buying,Find the friction before it costs you users,"What is a UX audit? | What problems can a UX audit reveal? | When should you conduct a UX audit? | What we evaluate | Our UX audit methodology | What you receive | How long does a UX audit take? | How much does a UX audit cost? | UX audit vs UX research vs usability testing | SaaS, website and mobile app UX audits | UX audit examples | Diagnostic work behind our design engagements | FAQ",What is a UX audit? | Is a UX audit the same as a design audit? | How much does a UX audit cost? | What do I actually receive at the end? | How long does a UX audit take? | How is a paid audit different from a free one an agency offers? | Do you need access to our analytics? | Will you also fix the problems you find? | Can you audit a product that hasn't launched? | Should we start with a UX audit or UX research?,Service,15,/services/ux-research/; /services/saas-product-design/; /services/conversion-optimization/; /services/website-design/,/industries/b2b-saas/; /industries/e-commerce/; /industries/fintech/,/projects/adda247/; /projects/kelp-global/,EV-PROCESS-AUDIT; EV-ADDA-SCOPE; EV-KELP-SCOPE,Request a UX audit,start_project,quarterly,,Major ranking gap | GSC: ux audit agency 100; ux audit services 97.75; user experience audit services 100; ux audit companies 95.5; ux audit company 77.5; website ux audit company 98
/services/ux-research/,"live, rebuilt on staging",KEEP + REWRITE,P0,service,ux research services,ux research consulting; user research agency; usability testing services; user interviews; ux research agency,page spec (content/pages),UX Research,/services/ux-research/,commercial,evaluation / buying,Research that turns product uncertainty into decisions,When should product teams invest in research? | Research methods | Research across the product lifecycle | Research deliverables | How research changes product decisions | SaaS and enterprise UX research | How a study runs | What does UX research cost? | FAQ,"What is UX research consulting? | How many users do you need to interview? | Can you recruit participants, or do we provide them? | How is UX research different from a UX audit? | What do we get at the end? | Do you do quantitative research too? | Can you run research on a product that hasn't launched?",Service,4,/services/ux-audit/; /services/product-design/; /services/saas-product-design/,/industries/edtech/; /industries/b2b-saas/; /industries/automotive/,/projects/adda247/; /projects/betacrew/,EV-PROCESS-RESEARCH; EV-ADDA-SCOPE,What decision are you stuck on?,start_project,quarterly,,Major service opportunity
/services/website-design/,new on staging,CREATE,P1,service,website redesign,website design; redesign of website; revamping a website; website ux; landing page ux; b2b website design; saas website design; website architecture; website redesign agency; website ux redesign,page spec (content/pages),Website Redesign,/services/website-design/,commercial,evaluation / buying,"Websites built to explain, convince and convert","Why websites underperform | Website strategy | Information architecture and website architecture | UX, UI and content structure | Where our work ends and build begins | Website redesign | Landing page optimization | Website design case studies | Website redesign cost | FAQ",How do you redesign a website without losing SEO? | How long does a website redesign take? | Do you also build the website? | Can you design for Webflow or WordPress? | Do you write the copy? | What should a B2B or SaaS website include? | Should we redesign or optimise what we have?,Service,8,/services/conversion-optimization/; /services/ux-audit/; /services/branding/,/industries/real-estate/; /industries/b2b-saas/,/projects/rcentric/; /projects/adda247/homepage-revamp/,EV-RCENTRIC-SCOPE; EV-OWNER-WEBSITE-SERVICE; EV-DELIVERY-BOUNDARY,"Is your website explaining you, or hiding you?",start_project,quarterly,,Section 24: website redesign pool (SE Ranking)
/solutions/,new on staging,CREATE,P1,hub,product design solutions,,page spec (content/pages),Hub,,problem-aware / navigational,problem-aware,Start with the problem you have,Launch | Improve | Modernize,,CollectionPage,8,,,,,Not sure which one you're in?,start_project,6 months,,Section 28: solutions hub
/solutions/conversion-improvement/,new on staging,CREATE,P1,solution,website conversion improvement,improve saas conversion; ux conversion optimization; increase website conversion rate; trial to paid conversion,page spec (content/pages),Website Redesign,/services/conversion-optimization/,problem-aware,problem-aware,"Improve conversion by fixing the experience, not the button colour","What should you do first? | Traffic, offer or experience? | How we help | Related work | Related reading | FAQ",How do I know if low conversion is a UX problem? | What is usually the biggest leak? | Do we need a redesign to improve conversion?,WebPage,9,/services/conversion-optimization/; /services/ux-audit/; /services/website-design/,,/projects/rcentric/,EV-RCENTRIC-QUALIFICATION,Find the leak before you fix it,start_project,6 months,,Section 28
/solutions/design-system-scaling/,new on staging,CREATE,P1,solution,scaling design systems,enterprise design system; design system governance; multi-brand design system; design system for multiple products,page spec (content/pages),Design Systems,/services/design-systems/,problem-aware / commercial,solution-aware,Scale a design system across products and teams,What should you do first? | You're in this situation if | How we help | Systems shared across products | FAQ,What is design system governance? | How do you support multiple brands or white-label products? | Should every team use the same components?,WebPage,7,/services/design-systems/; /services/saas-product-design/,,/projects/kelp-global/; /projects/rcentric/; /projects/betacrew/,EV-KELP-SCOPE; EV-RCENTRIC-SCOPE; EV-BETACREW-SCOPE,Will your system survive the next product?,start_project,6 months,,Section 28
/solutions/legacy-product-modernization/,new on staging,CREATE,P1,solution,legacy ux modernization,enterprise ux modernization; outdated product redesign; legacy application redesign; modernize legacy software ux,page spec (content/pages),Startup Product Design,/services/product-design/,problem-aware / commercial,solution-aware,Modernise a legacy product without stopping the business,What should you do first? | You're in this situation if | How we help | Related work | Related | FAQ,Should we rebuild or modernise incrementally? | How do you avoid slowing down expert users? | Can you work within enterprise procurement and security requirements?,WebPage,7,/services/product-design/; /services/ux-research/; /services/design-systems/,,/projects/betacrew/; /projects/adda247/live-class/,EV-BETACREW-SCOPE; EV-ADDA-LIVECLASS,Map it before you change it,start_project,6 months,,Section 28
/solutions/mvp-design/,new on staging,CREATE,P1,solution,mvp design,startup product design; product discovery; mvp ux design; mvp ui design; mvp design agency,page spec (content/pages),Startup Product Design,/services/product-design/,problem-aware / commercial,solution-aware,MVP design: launch the smallest product that proves the point,"What should you do first? | You're in this situation if | How we help | Your options, honestly compared | Related work | Related reading | FAQ",What should an MVP include? | How long does MVP design take? | Do we need discovery if we already know our users? | Will the MVP design need to be thrown away later?,WebPage,8,/services/product-design/; /services/ux-research/,,/projects/betacrew/,EV-PROCESS-PRODUCT; EV-BETACREW-SCOPE,What does your first version need to prove?,start_project,6 months,,Section 28
/solutions/product-redesign/,new on staging,CREATE,P1,solution,product redesign,saas redesign; redesign saas product; legacy product ux; product modernization; app redesign,page spec (content/pages),B2B SaaS Product Design,/services/saas-product-design/,problem-aware / commercial,solution-aware,Product redesign without breaking what already works,"What should you do first? | You're in this situation if | Redesign, refactor or targeted fixes? | How we help | Related work | FAQ",How do we know if we need a redesign? | How long does a product redesign take? | How do you avoid upsetting existing users? | Can our engineers keep shipping during the redesign?,WebPage,6,/services/ux-audit/; /services/saas-product-design/; /services/design-systems/,,/projects/adda247/; /projects/kelp-global/,EV-ADDA-SCOPE; EV-KELP-SCOPE,Find out what actually needs redesigning,start_project,6 months,,Section 28
/start-a-project/,new on staging,CREATE,P0,tool,start a design project,,page spec (content/pages),Conversion,,transactional,vendor-ready,Tell us what isn't working,FAQ,What happens after I send this? | Do I need to know which service I need? | Is the budget question required? | Would you rather talk first?,WebPage,3,,,,,,form_submit,quarterly,,Section 90: qualification flow
/terms/,live,KEEP noindex*,P2,utility,,,navigational / brand,,,navigational,,Terms & Conditions,Contents | 1. Agreement & Acceptance | 2. Services | 3. Engagement Process | 4. Payment Terms | 5. Revisions & Scope Changes | 6. Intellectual Property | 7. Client Responsibilities | 8. Confidentiality | 9. Portfolio & Marketing Rights | 10. Limitation of Liability | 11. Termination | 12. Governing Law & Dispute Resolution | 13. Changes to These Terms | 14. Contact | Have a Project? Let's Talk! | Common questions,What is Terms & Conditions about? | What does that mean in practice? | What does that mean in practice? | How long does a Designit engagement take? | How do I start a project with Designit?,Answer ContactPoint Country FAQPage GeoCoordinates ImageObject Person PostalAddress Question WebPage WebSite,2,,,,,,,6 months,,"Legal page, intentionally noindex"
/ui-ux-design-agency-uk/,"live, rebuilt on staging",KEEP + REWRITE,P1,location,ui ux design agency uk,product design agency uk; ux design agency london; saas design agency uk,page spec (content/pages),Locations,/locations/,commercial / vendor,vendor,"A senior design partner for UK software teams, in your working day","What UK software teams tend to need | How we work with UK teams | Relevant work | Remote, and upfront about it | FAQ",How does the time difference work with UK teams? | Do you have a UK office? | Do you design to WCAG 2.2 and UK accessibility requirements? | How do you handle UK GDPR in design? | Can you work with UK public sector or regulated clients?,WebPage,6,/services/saas-product-design/; /services/ux-audit/,,/projects/betacrew/; /projects/kelp-global/,EV-BETACREW-SCOPE; EV-OWNER-GBP-INVOICING; EV-MARKETS,"Same working day, senior design team",start_project,6 months,37.4,Position 37.4
/ui-ux-design-agency-usa/,"live, rebuilt on staging",KEEP + REWRITE,P1,location,ui ux design agency usa,ui ux design companies in usa; product design agency usa; saas design agency us,page spec (content/pages),Locations,/locations/,commercial / vendor,vendor,A senior design team for US software companies,What US software teams tend to need | How we work with US teams | Relevant work | The honest trade-off | FAQ,"How do you handle the time difference with US teams? | Do you have a US office? | Do you design to ADA and WCAG standards? | How do you handle IP, NDAs and contracting? | How quickly can you start?",WebPage,7,/services/saas-product-design/; /services/ux-audit/,,/projects/kelp-global/; /projects/betacrew/,EV-KELP-SCOPE; EV-OWNER-USD-CONTRACTS; EV-MARKETS,"Senior design capacity this quarter, not after a long hire",start_project,6 months,22.76,Position 22.76
/ux-design-agency-dubai/,"live, rebuilt on staging",KEEP + REWRITE,P1,location,ux design agency dubai,ui ux design company dubai; arabic rtl ux design; proptech design dubai; ux agency uae,page spec (content/pages),Locations,/locations/,commercial / vendor,vendor,"A UX design partner for the UAE, with the work to prove it",What working in the UAE actually requires | How we work with UAE teams | Work in Dubai | Related | FAQ,"Do you have actual UAE experience, or just a Dubai landing page? | How do you handle Arabic RTL properly? | Can you work with DIFC or ADGM-regulated entities? | What are your working hours relative to the UAE? | Do you work in Abu Dhabi and the wider Gulf? | Can you handle English and Arabic in one design system?",WebPage,7,/services/website-design/; /services/design-systems/,/industries/real-estate/; /industries/fintech/,/projects/rcentric/,EV-RCENTRIC-SCOPE; EV-MARKETS,Bilingual from the first wireframe,start_project,6 months,,Existing impressions but weak ranking
/work/,redirect,REDIRECT,,alias,,,,,,,,,,,,,,,,,,,,,301 -> /projects/
/industries/proptech/,redirect,REDIRECT,,alias,,,,,,,,,,,,,,,,,,,,,301 -> /industries/real-estate/
/industries/ecommerce/,redirect,REDIRECT,,alias,,,,,,,,,,,,,,,,,,,,,301 -> /industries/e-commerce/
/locations/usa/,redirect,REDIRECT,,alias,,,,,,,,,,,,,,,,,,,,,301 -> /ui-ux-design-agency-usa/
/locations/uk/,redirect,REDIRECT,,alias,,,,,,,,,,,,,,,,,,,,,301 -> /ui-ux-design-agency-uk/
/locations/uae/,redirect,REDIRECT,,alias,,,,,,,,,,,,,,,,,,,,,301 -> /ux-design-agency-dubai/
/locations/india/,redirect,REDIRECT,,alias,,,,,,,,,,,,,,,,,,,,,301 -> /locations/
/pricing/,redirect,REDIRECT,,alias,,,,,,,,,,,,,,,,,,,,,301 -> /
/project-detail/,redirect,REDIRECT,,alias,,,,,,,,,,,,,,,,,,,,,301 -> /projects/adda247/
/pricing.html/,redirect,REDIRECT,,alias,,,,,,,,,,,,,,,,,,,,,301 -> /
/blog.html/,redirect,REDIRECT,,alias,,,,,,,,,,,,,,,,,,,,,301 -> /blog/
/blog-detail.html/,redirect,REDIRECT,,alias,,,,,,,,,,,,,,,,,,,,,301 -> /blog/
/about-designit/,redirect,REDIRECT,,alias,,,,,,,,,,,,,,,,,,,,,301 -> /about/
/about-designit.html/,redirect,REDIRECT,,alias,,,,,,,,,,,,,,,,,,,,,301 -> /about/
/projects/rcentric/ela/orla-infinity.html/,redirect,REDIRECT,,alias,,,,,,,,,,,,,,,,,,,,,301 -> /projects/rcentric/orla-infinity/
/projects/rcentric/ela/orla-infinity/,redirect,REDIRECT,,alias,,,,,,,,,,,,,,,,,,,,,301 -> /projects/rcentric/orla-infinity/
/projects/adda247/studio-app/my-content.html/,redirect,REDIRECT,,alias,,,,,,,,,,,,,,,,,,,,,301 -> /projects/adda247/my-content/
/projects/adda247/studio-app/my-content/,redirect,REDIRECT,,alias,,,,,,,,,,,,,,,,,,,,,301 -> /projects/adda247/my-content/
/projects/adda247/my-content/studio-app.html/,redirect,REDIRECT,,alias,,,,,,,,,,,,,,,,,,,,,301 -> /projects/adda247/studio-app/
/projects/adda247/my-content/studio-app/,redirect,REDIRECT,,alias,,,,,,,,,,,,,,,,,,,,,301 -> /projects/adda247/studio-app/
/projects/rcentric/opus/ela.html/,redirect,REDIRECT,,alias,,,,,,,,,,,,,,,,,,,,,301 -> /projects/rcentric/ela/
/projects/rcentric/opus/ela/,redirect,REDIRECT,,alias,,,,,,,,,,,,,,,,,,,,,301 -> /projects/rcentric/ela/
/blog/saas-product-design-process/,planned (not built),CREATE,P2,article,saas product design process,,"blueprint section 35, 99#9",B2B SaaS Product Design,/services/saas-product-design/,informational,solution-aware,SaaS Product Design Process,,,,,/services/saas-product-design/,,,,,,,,
/blog/saas-product-design-cost/,planned (not built),CREATE,P2,article,saas product design cost,,"blueprint section 35, 72, 99#10",B2B SaaS Product Design,/services/saas-product-design/,commercial investigation,buying,SaaS Product Design Cost,,,,,/services/saas-product-design/,,,,,,,,
/blog/saas-product-redesign/,planned (not built),CREATE,P2,article,saas product redesign guide,,"blueprint section 35, 99#13",B2B SaaS Product Design,/services/saas-product-design/,informational,solution-aware,SaaS Product Redesign Guide,,,,,/services/saas-product-design/,,,,,,,,
/blog/saas-ux-mistakes/,planned (not built),CREATE,P2,article,saas ux mistakes,,blueprint section 35,B2B SaaS Product Design,/services/saas-product-design/,informational,solution-aware,SaaS UX Mistakes,,,,,/services/saas-product-design/,,,,,,,,
/blog/saas-design-system/,planned (not built),CREATE,P2,article,saas design system,,blueprint section 35,B2B SaaS Product Design,/services/saas-product-design/,informational,solution-aware,SaaS Design System,,,,,/services/saas-product-design/,,,,,,,,Check against /services/design-systems/ 'Design systems for SaaS' section before writing
/blog/saas-ux-audit/,planned (not built),CREATE,P2,article,saas ux audit,,"blueprint section 35, 36",UX Audit,/services/ux-audit/,informational,solution-aware,SaaS UX Audit,,,,,/services/ux-audit/,,,,,,,,"Listed in both cluster 1 and 2: one page, owned by the UX audit cluster"
/blog/b2b-saas-product-discovery/,planned (not built),CREATE,P2,article,b2b saas product discovery,,blueprint section 35,B2B SaaS Product Design,/services/saas-product-design/,informational,solution-aware,B2B SaaS Product Discovery,,,,,/services/saas-product-design/,,,,,,,,
/blog/ux-audit-process/,planned (not built),CREATE,P2,article,ux audit process,,blueprint section 36,UX Audit,/services/ux-audit/,informational,solution-aware,UX Audit Process,,,,,/services/ux-audit/,,,,,,,,
/blog/ux-audit-cost/,planned (not built),CREATE,P2,article,ux audit cost,,"blueprint section 36, 72, 99#3",UX Audit,/services/ux-audit/,commercial investigation,buying,UX Audit Cost,,,,,/services/ux-audit/,,,,,,,,Cost drivers only; no invented prices (section 72)
/blog/heuristic-evaluation-website-example/,planned (not built),CREATE,P2,article,heuristic evaluation of a website,,"blueprint section 36, 99#17",UX Audit,/services/ux-audit/,informational,solution-aware,Heuristic Evaluation of a Website,,,,,/services/ux-audit/,,,,,,,,Needs a real (or clearly hypothetical) example; no invented client
/blog/website-ux-audit/,planned (not built),EXPAND /blog/ui-ux-audit-for-website-india/ instead,P2,article,website ux audit,,blueprint section 36,UX Audit,/services/ux-audit/,informational,solution-aware,Website UX Audit,,,,,/services/ux-audit/,,,,,,,,OVERLAP: /blog/ui-ux-audit-for-website-india/ serves this intent; expand it instead
/blog/ux-audit-vs-ux-research/,planned (not built),CREATE,P2,article,ux research vs ux audit,,"blueprint section 36, 38, 99#16",UX Audit,/services/ux-audit/,commercial investigation,evaluation / vendor,UX Research vs UX Audit,,,,,/services/ux-audit/,,,,,,,,"Cluster 4 lists /blog/ux-research-vs-ux-audit/ too: build ONE page, redirect the other slug"
/blog/ux-audit-report-example/,planned (not built),CREATE,P2,article,ux audit report example,,blueprint section 36,UX Audit,/services/ux-audit/,informational,solution-aware,UX Audit Report Example,,,,,/services/ux-audit/,,,,,,,,Needs an anonymised real report with client permission
/blog/how-to-redesign-a-website/,planned (not built),CREATE,P2,article,how to redesign a website,,"blueprint section 3, 4, 37, 99#7",Website Redesign,/services/website-design/,informational,solution-aware,How to Redesign a Website,,,,,/services/website-design/,,,,,,,,
/blog/website-redesign-cost/,planned (not built),CREATE,P2,article,website redesign cost,,"blueprint section 4, 37, 72, 99#8",Website Redesign,/services/website-design/,commercial investigation,buying,Website Redesign Cost,,,,,/services/website-design/,,,,,,,,Cost drivers only
/blog/website-redesign-checklist/,planned (not built),CREATE,P2,article,website redesign checklist,,"blueprint section 4, 37",Website Redesign,/services/website-design/,informational,solution-aware,Website Redesign Checklist,,,,,/services/website-design/,,,,,,,,
/blog/landing-page-ux-case-study/,planned (not built),CREATE,P2,article,landing page ux case study,,"blueprint section 4, 37",Website Redesign,/services/website-design/,informational,solution-aware,Landing Page UX Case Study,,,,,/services/website-design/,,,,,,,,Needs a real landing-page project with permission; do not invent
/blog/website-conversion-rate/,planned (not built),EXPAND /blog/how-to-improve-website-conversion-rate-india/ instead,P2,article,website conversion rate,,blueprint section 37,Website Redesign,/services/conversion-optimization/,informational,solution-aware,Website Conversion Rate,,,,,/services/conversion-optimization/,,,,,,,,OVERLAP: /blog/how-to-improve-website-conversion-rate-india/ (UPDATE + REPOSITION) serves this
/blog/website-ux-principles/,planned (not built),CREATE,P2,article,website ux principles,,"blueprint section 37, 70",Website Redesign,/services/website-design/,informational,solution-aware,Website UX Principles,,,,,/services/website-design/,,,,,,,,Targets 'website designing principles' (SE Ranking pool)
/blog/ux-research-methods/,planned (not built),CREATE,P2,article,ux research methods,,blueprint section 38,UX Research,/services/ux-research/,informational,solution-aware,UX Research Methods,,,,,/services/ux-research/,,,,,,,,
/blog/ux-research-process/,planned (not built),CREATE,P2,article,ux research process,,blueprint section 38,UX Research,/services/ux-research/,informational,solution-aware,UX Research Process,,,,,/services/ux-research/,,,,,,,,
/blog/ux-research-cost/,planned (not built),CREATE,P2,article,ux research cost,,"blueprint section 38, 72",UX Research,/services/ux-research/,commercial investigation,buying,UX Research Cost,,,,,/services/ux-research/,,,,,,,,Cost drivers only
/blog/user-interviews-for-saas/,planned (not built),CREATE,P2,article,user interviews for saas,,blueprint section 38,UX Research,/services/ux-research/,informational,solution-aware,User Interviews for SaaS,,,,,/services/ux-research/,,,,,,,,
/blog/usability-testing-methods/,planned (not built),CREATE,P2,article,usability testing methods,,blueprint section 38,UX Research,/services/ux-research/,informational,solution-aware,Usability Testing Methods,,,,,/services/ux-research/,,,,,,,,
/blog/ux-research-consulting/,planned (not built),DO NOT CREATE,—,article,ux research consulting,,"blueprint section 38, 70",UX Research,/services/ux-research/,informational,solution-aware,UX Research Consulting,,,,,/services/ux-research/,,,,,,,,"DO NOT CREATE: commercial query, owned by /services/ux-research/ (section 3 rule)"
/blog/design-system-cost/,planned (not built),EXPAND /blog/design-system-cost-india-2026/ instead,P2,article,design system cost,,"blueprint section 39, 72",Design Systems,/services/design-systems/,commercial investigation,buying,Design System Cost,,,,,/services/design-systems/,,,,,,,,OVERLAP: /blog/design-system-cost-india-2026/ serves this; expand it
/blog/design-system-roi/,planned (not built),CREATE,P2,article,design system roi,,"blueprint section 39, 99#14",Design Systems,/services/design-systems/,informational,solution-aware,Design System ROI,,,,,/services/design-systems/,,,,,,,,
/blog/design-tokens/,planned (not built),CREATE,P2,article,design tokens,,blueprint section 39,Design Systems,/services/design-systems/,informational,solution-aware,Design Tokens,,,,,/services/design-systems/,,,,,,,,
/blog/design-system-governance/,planned (not built),CREATE,P2,article,design system governance,,"blueprint section 39, 99#15",Design Systems,/services/design-systems/,informational,solution-aware,Design System Governance,,,,,/services/design-systems/,,,,,,,,
/blog/enterprise-design-system/,planned (not built),CREATE,P2,article,enterprise design system,,blueprint section 39,Design Systems,/services/design-systems/,informational,solution-aware,Enterprise Design System,,,,,/services/design-systems/,,,,,,,,
/blog/figma-design-system/,planned (not built),CREATE,P2,article,figma design system,,blueprint section 39,Design Systems,/services/design-systems/,informational,solution-aware,Figma Design System,,,,,/services/design-systems/,,,,,,,,
/blog/design-system-vs-component-library/,planned (not built),CREATE,P2,article,design system vs component library,,blueprint section 39,Design Systems,/services/design-systems/,commercial investigation,evaluation / vendor,Design System vs Component Library,,,,,/services/design-systems/,,,,,,,,
/blog/ai-product-design-guide/,planned (not built),CREATE,P2,article,ai product design guide,,blueprint section 40,AI Product Design,/services/ai-product-design/,informational,solution-aware,AI Product Design Guide,,,,,/services/ai-product-design/,,,,,,,,
/blog/ai-ux-design-patterns/,planned (not built),CREATE,P2,article,ai product ux patterns,,"blueprint section 40, 99#18",AI Product Design,/services/ai-product-design/,informational,solution-aware,AI Product UX Patterns,,,,,/services/ai-product-design/,,,,,,,,
/blog/chatbot-ui-design/,planned (not built),CREATE,P2,article,chatbot ui design,,"blueprint section 3, 40, 70, 99#19",AI Product Design,/services/ai-product-design/,informational,solution-aware,Chatbot UI Design,,,,,/services/ai-product-design/,,,,,,,,"Targets 'chatbot ui' (SE Ranking: 360 / KD 43, revalidate)"
/blog/ai-agent-ux/,planned (not built),CREATE,P2,article,ai agent ux guide,,"blueprint section 10, 40, 99#20",AI Product Design,/services/ai-product-design/,informational,solution-aware,AI Agent UX Guide,,,,,/services/ai-product-design/,,,,,,,,Answer the section 10B agent questions
/blog/agentic-experience-design/,planned (not built),CREATE,P2,article,agentic experience design,,blueprint section 40,AI Product Design,/services/ai-product-design/,informational,solution-aware,Agentic Experience Design,,,,,/services/ai-product-design/,,,,,,,,Check overlap with ai-agent-ux before writing
/blog/human-ai-interaction-design/,planned (not built),CREATE,P2,article,human-ai interaction design,,blueprint section 40,AI Product Design,/services/ai-product-design/,informational,solution-aware,Human-AI Interaction Design,,,,,/services/ai-product-design/,,,,,,,,
/blog/designing-trustworthy-ai-products/,planned (not built),CREATE,P2,article,designing trustworthy ai products,,blueprint section 40,AI Product Design,/services/ai-product-design/,informational,solution-aware,Designing Trustworthy AI Products,,,,,/services/ai-product-design/,,,,,,,,
/blog/ai-onboarding-ux/,planned (not built),CREATE,P2,article,ai onboarding ux,,blueprint section 40,AI Product Design,/services/ai-product-design/,informational,solution-aware,AI Onboarding UX,,,,,/services/ai-product-design/,,,,,,,,
/blog/ai-product-discovery/,planned (not built),CREATE,P2,article,ai product discovery,,blueprint section 40,AI Product Design,/services/ai-product-design/,informational,solution-aware,AI Product Discovery,,,,,/services/ai-product-design/,,,,,,,,
/blog/how-much-does-product-design-cost/,planned (not built),CREATE,P2,article,how much does product design cost,,"blueprint section 41, 72, 99#1",Startup Product Design,/services/product-design/,commercial investigation,buying,How Much Does Product Design Cost?,,,,,/services/product-design/,,,,,,,,Cost drivers only. /blog/ui-ux-design-pricing-india-2026/ is adjacent (UI/UX pricing India); differentiate or consolidate
/blog/product-design-agency-vs-freelancer/,planned (not built),EXPAND /blog/freelancer-vs-design-agency-startups/ instead,P2,article,product design agency vs freelancer,,"blueprint section 41, 99#5",Startup Product Design,/services/product-design/,commercial investigation,evaluation / vendor,Product Design Agency vs Freelancer,,,,,/services/product-design/,,,,,,,,OVERLAP: /blog/freelancer-vs-design-agency-startups/ serves this; expand it
/blog/in-house-vs-design-agency/,planned (not built),EXPAND /blog/hire-ui-ux-designer-vs-agency-india/ instead,P2,article,in-house designer vs design agency,,"blueprint section 41, 99#6",Startup Product Design,/services/product-design/,commercial investigation,evaluation / vendor,In-House Designer vs Design Agency,,,,,/services/product-design/,,,,,,,,OVERLAP (partial): /blog/hire-ui-ux-designer-vs-agency-india/; decide expand vs new
/blog/when-should-a-startup-hire-a-product-designer/,planned (not built),CREATE,P2,article,when should a startup hire a product designer,,blueprint section 41,Startup Product Design,/services/product-design/,commercial investigation,evaluation / vendor,When Should a Startup Hire a Product Designer?,,,,,/services/product-design/,,,,,,,,
/blog/mvp-design-guide/,planned (not built),CREATE,P2,article,mvp design guide,,blueprint section 41,Startup Product Design,/solutions/mvp-design/,informational,solution-aware,MVP Design Guide,,,,,,,,,,,,,
/blog/startup-product-design-mistakes/,planned (not built),CREATE,P2,article,startup product design mistakes,,blueprint section 41,Startup Product Design,/services/product-design/,informational,solution-aware,Startup Product Design Mistakes,,,,,/services/product-design/,,,,,,,,
/blog/how-to-choose-a-ui-ux-design-agency/,planned (not built),EXPAND /blog/how-to-choose-a-product-design-agency/ instead,P2,article,how to choose a ui/ux design agency,,blueprint section 71,Startup Product Design,/services/ui-ux-design/,commercial investigation,evaluation / vendor,How to Choose a UI/UX Design Agency,,,,,/services/ui-ux-design/,,,,,,,,OVERLAP (partial): /blog/how-to-choose-a-product-design-agency/; prefer expanding it with the section 71 questions
/blog/startup-branding-cost/,planned (not built),EXPAND /blog/branding-services-for-startups-india-cost/ instead,P2,article,startup branding cost,,"blueprint section 42, 72",Branding,/services/branding/,commercial investigation,buying,Startup Branding Cost,,,,,/services/branding/,,,,,,,,OVERLAP: /blog/branding-services-for-startups-india-cost/ serves this; expand it
/blog/startup-branding-process/,planned (not built),CREATE,P2,article,startup branding process,,blueprint section 42,Branding,/services/branding/,informational,solution-aware,Startup Branding Process,,,,,/services/branding/,,,,,,,,
/blog/brand-positioning-for-b2b-saas/,planned (not built),CREATE,P2,article,brand positioning for b2b saas,,blueprint section 42,Branding,/services/branding/,informational,solution-aware,Brand Positioning for B2B SaaS,,,,,/services/branding/,,,,,,,,
/blog/brand-research/,planned (not built),CREATE,P2,article,brand research,,"blueprint section 3, 42, 70",Branding,/services/branding/,informational,solution-aware,Brand Research,,,,,/services/branding/,,,,,,,,"Targets 'brand research' (SE Ranking: 170 / KD 23, revalidate)"
/industries/healthtech/,planned (not built),DEFERRED,—,industry,healthtech,,"blueprint section 15, 27, 32",industry,/industries/,informational,solution-aware,HealthTech,,,,,,,,,,,,,DEFERRED: create only after an evidence audit shows first-party HealthTech work
/resources/ux-audit-checklist/,planned (not built),CREATE,P2,tool / report,ux audit checklist tool,,"blueprint section 52#1, 99#2",UX Audit,/services/ux-audit/,informational,solution-aware,UX Audit Checklist Tool,,,,,/services/ux-audit/,,,,,,,,Article exists at /blog/ux-audit-checklist/; interactive version is the asset
/resources/saas-ux-maturity-model/,planned (not built),CREATE,P2,tool / report,saas ux maturity model,,blueprint section 52#2,B2B SaaS Product Design,/services/saas-product-design/,informational,solution-aware,SaaS UX Maturity Model,,,,,/services/saas-product-design/,,,,,,,,
/resources/design-system-maturity-model/,planned (not built),CREATE,P2,tool / report,design system maturity model,,"blueprint section 8B, 52#3",Design Systems,/services/design-systems/,informational,solution-aware,Design System Maturity Model,,,,,/services/design-systems/,,,,,,,,
/resources/product-design-cost-calculator/,planned (not built),CREATE,P2,tool / report,product design cost calculator,,blueprint section 52#4,Startup Product Design,/services/product-design/,commercial investigation,buying,Product Design Cost Calculator,,,,,/services/product-design/,,,,,,,,Needs owner-approved pricing inputs before it can show numbers
/resources/website-ux-scorecard/,planned (not built),CREATE,P2,tool / report,website ux scorecard,,blueprint section 52#5,Website Redesign,/services/website-design/,informational,solution-aware,Website UX Scorecard,,,,,/services/website-design/,,,,,,,,
/resources/saas-onboarding-friction-checklist/,planned (not built),CREATE,P2,tool / report,saas onboarding friction checklist,,blueprint section 52#6,B2B SaaS Product Design,/services/saas-product-design/,informational,solution-aware,SaaS Onboarding Friction Checklist,,,,,/services/saas-product-design/,,,,,,,,
/resources/ai-product-ux-checklist/,planned (not built),CREATE,P2,tool / report,ai product ux checklist,,blueprint section 52#7,AI Product Design,/services/ai-product-design/,informational,solution-aware,AI Product UX Checklist,,,,,/services/ai-product-design/,,,,,,,,
/resources/design-system-roi-calculator/,planned (not built),CREATE,P2,tool / report,design system roi calculator,,blueprint section 52#8,Design Systems,/services/design-systems/,informational,solution-aware,Design System ROI Calculator,,,,,/services/design-systems/,,,,,,,,
/resources/saas-ux-benchmark/,planned (not built),CREATE,P2,tool / report,saas ux benchmark,,blueprint section 8B,B2B SaaS Product Design,/services/saas-product-design/,informational,solution-aware,SaaS UX Benchmark (report),,,,,/services/saas-product-design/,,,,,,,,Original research: needs a real study and method
/resources/ai-product-design-report/,planned (not built),CREATE,P2,tool / report,ai product design report,,blueprint section 8B,AI Product Design,/services/ai-product-design/,informational,solution-aware,AI Product Design Report,,,,,/services/ai-product-design/,,,,,,,,Original research
/resources/ux-audit-benchmark/,planned (not built),CREATE,P2,tool / report,ux audit benchmark,,blueprint section 8B,UX Audit,/services/ux-audit/,informational,solution-aware,UX Audit Benchmark,,,,,/services/ux-audit/,,,,,,,,Original research
/resources/startup-product-design-cost-guide/,planned (not built),CREATE,P2,tool / report,startup product design cost guide,,blueprint section 8B,Startup Product Design,/services/product-design/,commercial investigation,buying,Startup Product Design Cost Guide,,,,,/services/product-design/,,,,,,,,
/resources/website-conversion-friction-report/,planned (not built),CREATE,P2,tool / report,website conversion friction report,,blueprint section 8B,Website Redesign,/services/conversion-optimization/,informational,solution-aware,Website Conversion Friction Report,,,,,/services/conversion-optimization/,,,,,,,,Original research
